Team,Year,Losses,Wins,Win_Rate
Arsenal,1930,2,10,0.8333333333333334
Arsenal,1931,4,4,0.5
Arsenal,2000,4,11,0.7333333333333333
Arsenal,2001,6,15,0.7142857142857143
Arsenal,2002,6,28,0.8235294117647058
Arsenal,2003,7,18,0.72
Arsenal,2004,3,13,0.8125
Arsenal,2005,1,8,0.8888888888888888
Arsenal,2006,1,5,0.8333333333333334
Arsenal,2007,3,5,0.625
Arsenal,2008,2,6,0.75
Arsenal,2009,2,6,0.75
Arsenal,2010,5,13,0.7222222222222222
Arsenal,2011,0,13,1.0
Arsenal,2012,1,6,0.8571428571428571
Arsenal,2013,4,12,0.75
Arsenal,2014,5,12,0.7058823529411765
Arsenal,2015,10,22,0.6875
Arsenal,2016,4,18,0.8181818181818182
Arsenal,2017,7,21,0.75
Arsenal,2018,19,25,0.5681818181818182
Arsenal,2019,13,26,0.6666666666666666
Arsenal,2020,16,23,0.5897435897435898
Arsenal,2021,15,32,0.6808510638297872
Arsenal,2022,11,37,0.7708333333333334
Arsenal,2023,11,35,0.7608695652173914
Arsenal,2024,7,46,0.8679245283018868
Arsenal,2025,6,18,0.75
Arsenal,2026,1,15,0.9375
Arsenal,2027,1,8,0.8888888888888888
Arsenal,2028,2,9,0.8181818181818182
Arsenal,2029,4,14,0.7777777777777778
Aston Villa,1930,3,5,0.625
Aston Villa,1931,4,3,0.42857142857142855
Aston Villa,2000,4,7,0.6363636363636364
Aston Villa,2001,8,4,0.3333333333333333
Aston Villa,2002,13,13,0.5
Aston Villa,2003,13,11,0.4583333333333333
Aston Villa,2004,3,6,0.6666666666666666
Aston Villa,2005,9,7,0.4375
Aston Villa,2006,3,4,0.5714285714285714
Aston Villa,2007,3,6,0.6666666666666666
Aston Villa,2008,4,1,0.2
Aston Villa,2009,4,3,0.42857142857142855
Aston Villa,2010,3,7,0.7
Aston Villa,2011,5,5,0.5
Aston Villa,2012,5,6,0.5454545454545454
Aston Villa,2013,6,3,0.3333333333333333
Aston Villa,2014,4,7,0.6363636363636364
Aston Villa,2015,21,9,0.3
Aston Villa,2016,18,8,0.3076923076923077
Aston Villa,2017,3,5,0.625
Aston Villa,2018,6,1,0.14285714285714285
Aston Villa,2019,14,8,0.36363636363636365
Aston Villa,2020,21,18,0.46153846153846156
Aston Villa,2021,27,21,0.4375
Aston Villa,2022,26,14,0.35
Aston Villa,2023,18,30,0.625
Aston Villa,2024,24,30,0.5555555555555556
Aston Villa,2025,7,11,0.6111111111111112
Aston Villa,2026,10,5,0.3333333333333333
Aston Villa,2027,6,8,0.5714285714285714
Aston Villa,2028,4,5,0.5555555555555556
Aston Villa,2029,7,6,0.46153846153846156
Birmingham,1930,2,2,0.5
Birmingham,1931,1,0,0.0
Birmingham,2001,4,2,0.3333333333333333
Birmingham,2002,10,10,0.5
Birmingham,2003,12,8,0.4
Birmingham,2004,5,2,0.2857142857142857
Birmingham,2005,5,1,0.16666666666666666
Birmingham,2006,2,3,0.6
Birmingham,2007,5,1,0.16666666666666666
Birmingham,2008,2,0,0.0
Birmingham,2009,2,1,0.3333333333333333
Birmingham,2010,3,2,0.4
Birmingham,2011,3,2,0.4
Birmingham,2012,4,4,0.5
Birmingham,2013,4,1,0.2
Birmingham,2014,1,0,0.0
Birmingham,2015,3,3,0.5
Birmingham,2016,4,2,0.3333333333333333
Birmingham,2017,2,0,0.0
Birmingham,2018,3,1,0.25
Birmingham,2019,2,3,0.6
Birmingham,2020,7,3,0.3
Birmingham,2021,2,3,0.6
Birmingham,2022,7,0,0.0
Birmingham,2023,2,1,0.3333333333333333
Birmingham,2024,2,2,0.5
Birmingham,2025,1,3,0.75
Birmingham,2026,4,4,0.5
Birmingham,2027,1,5,0.8333333333333334
Birmingham,2028,2,2,0.5
Birmingham,2029,4,2,0.3333333333333333
Blackburn,1930,7,3,0.3
Blackburn,1931,3,2,0.4
Blackburn,2001,7,9,0.5625
Blackburn,2002,14,12,0.46153846153846156
Blackburn,2003,5,15,0.75
Blackburn,2004,7,3,0.3
Blackburn,2005,7,4,0.36363636363636365
Blackburn,2006,2,3,0.6
Blackburn,2007,5,4,0.4444444444444444
Blackburn,2008,3,0,0.0
Blackburn,2009,5,3,0.375
Blackburn,2010,4,5,0.5555555555555556
Blackburn,2011,9,5,0.35714285714285715
Blackburn,2012,1,4,0.8
Blackburn,2013,11,2,0.15384615384615385
Blackburn,2014,3,3,0.5
Blackburn,2015,8,2,0.2
Blackburn,2016,3,3,0.5
Blackburn,2017,6,5,0.45454545454545453
Blackburn,2018,3,4,0.5714285714285714
Blackburn,2019,5,0,0.0
Blackburn,2020,5,10,0.6666666666666666
Blackburn,2021,4,4,0.5
Blackburn,2022,3,6,0.6666666666666666
Blackburn,2023,7,2,0.2222222222222222
Blackburn,2024,5,4,0.4444444444444444
Blackburn,2025,6,5,0.45454545454545453
Blackburn,2026,5,4,0.4444444444444444
Blackburn,2027,6,4,0.4
Blackburn,2028,4,7,0.6363636363636364
Blackburn,2029,5,3,0.375
Blackpool,2001,1,1,0.5
Blackpool,2002,1,0,0.0
Blackpool,2003,1,1,0.5
Blackpool,2004,1,0,0.0
Blackpool,2005,1,0,0.0
Blackpool,2007,1,0,0.0
Blackpool,2010,2,0,0.0
Blackpool,2011,0,2,1.0
Blackpool,2012,0,1,1.0
Blackpool,2014,0,2,1.0
Blackpool,2015,1,0,0.0
Blackpool,2016,1,0,0.0
Blackpool,2017,1,0,0.0
Blackpool,2019,1,0,0.0
Blackpool,2020,0,1,1.0
Blackpool,2021,1,0,0.0
Blackpool,2022,2,1,0.3333333333333333
Blackpool,2023,1,0,0.0
Blackpool,2025,2,0,0.0
Blackpool,2026,1,0,0.0
Blackpool,2028,0,1,1.0
Bolton,1930,4,3,0.42857142857142855
Bolton,1931,3,5,0.625
Bolton,2001,6,3,0.3333333333333333
Bolton,2002,19,9,0.32142857142857145
Bolton,2003,10,9,0.47368421052631576
Bolton,2004,8,3,0.2727272727272727
Bolton,2005,5,3,0.375
Bolton,2006,3,4,0.5714285714285714
Bolton,2007,6,4,0.4
Bolton,2008,1,2,0.6666666666666666
Bolton,2009,5,7,0.5833333333333334
Bolton,2010,3,2,0.4
Bolton,2011,6,2,0.25
Bolton,2012,0,4,1.0
Bolton,2013,7,6,0.46153846153846156
Bolton,2014,4,1,0.2
Bolton,2015,10,5,0.3333333333333333
Bolton,2016,3,5,0.625
Bolton,2017,6,4,0.4
Bolton,2018,6,4,0.4
Bolton,2019,3,3,0.5
Bolton,2020,6,4,0.4
Bolton,2021,6,5,0.45454545454545453
Bolton,2022,4,5,0.5555555555555556
Bolton,2023,3,4,0.5714285714285714
Bolton,2024,4,8,0.6666666666666666
Bolton,2025,3,5,0.625
Bolton,2026,11,5,0.3125
Bolton,2027,8,3,0.2727272727272727
Bolton,2028,3,1,0.25
Bolton,2029,10,4,0.2857142857142857
Bournemouth,1931,1,1,0.5
Bournemouth,2004,1,1,0.5
Bournemouth,2005,1,0,0.0
Bournemouth,2008,1,0,0.0
Bournemouth,2010,1,1,0.5
Bournemouth,2011,0,1,1.0
Bournemouth,2013,1,2,0.6666666666666666
Bournemouth,2014,2,0,0.0
Bournemouth,2015,10,6,0.375
Bournemouth,2016,9,6,0.4
Bournemouth,2017,12,5,0.29411764705882354
Bournemouth,2018,16,15,0.4838709677419355
Bournemouth,2019,19,11,0.36666666666666664
Bournemouth,2020,12,4,0.25
Bournemouth,2021,1,0,0.0
Bournemouth,2022,9,5,0.35714285714285715
Bournemouth,2023,20,14,0.4117647058823529
Bournemouth,2024,18,23,0.5609756097560976
Bournemouth,2025,9,8,0.47058823529411764
Bournemouth,2026,1,0,0.0
Bournemouth,2027,1,0,0.0
Bournemouth,2029,1,1,0.5
Bradford,1930,1,0,0.0
Bradford,2000,12,2,0.14285714285714285
Bradford,2001,1,1,0.5
Bradford,2003,1,0,0.0
Bradford,2004,1,0,0.0
Bradford,2010,2,0,0.0
Bradford,2013,2,1,0.3333333333333333
Bradford,2021,0,1,1.0
Bradford,2024,1,0,0.0
Bradford,2028,1,0,0.0
Brentford,2021,8,5,0.38461538461538464
Brentford,2022,14,13,0.48148148148148145
Brentford,2023,15,15,0.5
Brentford,2024,25,19,0.4318181818181818
Brentford,2025,8,10,0.5555555555555556
Brighton,2017,9,5,0.35714285714285715
Brighton,2018,16,11,0.4074074074074074
Brighton,2019,20,8,0.2857142857142857
Brighton,2020,13,5,0.2777777777777778
Brighton,2021,12,12,0.5
Brighton,2022,13,14,0.5185185185185185
Brighton,2023,11,19,0.6333333333333333
Brighton,2024,17,16,0.48484848484848486
Brighton,2025,4,12,0.75
Burnley,1930,1,0,0.0
Burnley,1931,0,3,1.0
Burnley,2001,2,0,0.0
Burnley,2002,2,0,0.0
Burnley,2003,2,1,0.3333333333333333
Burnley,2004,2,1,0.3333333333333333
Burnley,2005,1,1,0.5
Burnley,2006,1,1,0.5
Burnley,2009,1,1,0.5
Burnley,2010,0,2,1.0
Burnley,2012,2,0,0.0
Burnley,2013,3,0,0.0
Burnley,2014,1,1,0.5
Burnley,2015,2,0,0.0
Burnley,2016,2,0,0.0
Burnley,2017,7,9,0.5625
Burnley,2018,22,9,0.2903225806451613
Burnley,2019,17,16,0.48484848484848486
Burnley,2020,13,13,0.5
Burnley,2021,22,7,0.2413793103448276
Burnley,2022,11,7,0.3888888888888889
Burnley,2023,16,4,0.2
Burnley,2024,10,2,0.16666666666666666
Burnley,2025,1,0,0.0
Burnley,2026,3,2,0.4
Burnley,2027,2,0,0.0
Burnley,2028,3,0,0.0
Burnley,2029,1,1,0.5
Cardiff,1930,1,0,0.0
Cardiff,2001,1,1,0.5
Cardiff,2002,1,0,0.0
Cardiff,2003,1,1,0.5
Cardiff,2005,2,0,0.0
Cardiff,2007,1,0,0.0
Cardiff,2008,1,1,0.5
Cardiff,2009,1,0,0.0
Cardiff,2011,2,0,0.0
Cardiff,2012,0,1,1.0
Cardiff,2014,0,1,1.0
Cardiff,2015,1,0,0.0
Cardiff,2017,1,0,0.0
Cardiff,2018,13,5,0.2777777777777778
Cardiff,2019,13,5,0.2777777777777778
Cardiff,2021,1,0,0.0
Cardiff,2022,3,0,0.0
Cardiff,2025,0,1,1.0
Cardiff,2026,1,0,0.0
Cardiff,2027,1,0,0.0
Cardiff,2028,1,1,0.5
Charlton,1930,3,3,0.5
Charlton,1931,1,2,0.6666666666666666
Charlton,2000,9,8,0.47058823529411764
Charlton,2001,5,3,0.375
Charlton,2002,12,9,0.42857142857142855
Charlton,2003,11,7,0.3888888888888889
Charlton,2004,1,3,0.75
Charlton,2005,3,3,0.5
Charlton,2006,1,1,0.5
Charlton,2007,4,0,0.0
Charlton,2008,1,3,0.75
Charlton,2009,3,0,0.0
Charlton,2010,3,3,0.5
Charlton,2011,2,2,0.5
Charlton,2012,2,2,0.5
Charlton,2013,3,3,0.5
Charlton,2014,1,1,0.5
Charlton,2015,2,2,0.5
Charlton,2016,5,1,0.16666666666666666
Charlton,2017,4,2,0.3333333333333333
Charlton,2018,3,2,0.4
Charlton,2019,4,0,0.0
Charlton,2020,5,4,0.4444444444444444
Charlton,2021,1,3,0.75
Charlton,2022,2,2,0.5
Charlton,2023,6,1,0.14285714285714285
Charlton,2024,3,2,0.4
Charlton,2025,0,2,1.0
Charlton,2026,2,3,0.6
Charlton,2027,3,1,0.25
Charlton,2028,3,4,0.5714285714285714
Charlton,2029,3,3,0.5
Chelsea,1930,2,13,0.8666666666666667
Chelsea,1931,1,8,0.8888888888888888
Chelsea,2000,7,7,0.5
Chelsea,2001,4,16,0.8
Chelsea,2002,10,20,0.6666666666666666
Chelsea,2003,8,21,0.7241379310344828
Chelsea,2004,1,8,0.8888888888888888
Chelsea,2005,4,12,0.75
Chelsea,2006,2,7,0.7777777777777778
Chelsea,2007,4,9,0.6923076923076923
Chelsea,2008,2,8,0.8
Chelsea,2009,0,7,1.0
Chelsea,2010,1,8,0.8888888888888888
Chelsea,2011,4,10,0.7142857142857143
Chelsea,2012,1,8,0.8888888888888888
Chelsea,2013,1,12,0.9230769230769231
Chelsea,2014,2,9,0.8181818181818182
Chelsea,2015,10,22,0.6875
Chelsea,2016,7,13,0.65
Chelsea,2017,8,28,0.7777777777777778
Chelsea,2018,11,28,0.717948717948718
Chelsea,2019,14,28,0.6666666666666666
Chelsea,2020,13,32,0.7111111111111111
Chelsea,2021,11,33,0.75
Chelsea,2022,10,23,0.696969696969697
Chelsea,2023,22,26,0.5416666666666666
Chelsea,2024,15,40,0.7272727272727273
Chelsea,2025,10,20,0.6666666666666666
Chelsea,2026,4,10,0.7142857142857143
Chelsea,2027,2,14,0.875
Chelsea,2028,2,11,0.8461538461538461
Chelsea,2029,2,12,0.8571428571428571
Coventry,1931,1,1,0.5
Coventry,2000,11,5,0.3125
Coventry,2003,1,0,0.0
Coventry,2005,1,0,0.0
Coventry,2007,0,1,1.0
Coventry,2013,1,0,0.0
Coventry,2014,1,0,0.0
Coventry,2016,0,1,1.0
Coventry,2017,1,0,0.0
Coventry,2020,1,0,0.0
Coventry,2021,1,0,0.0
Coventry,2028,1,0,0.0
Crystal Palace,1930,1,1,0.5
Crystal Palace,1931,0,2,1.0
Crystal Palace,2001,2,1,0.3333333333333333
Crystal Palace,2002,3,0,0.0
Crystal Palace,2003,1,3,0.75
Crystal Palace,2004,1,2,0.6666666666666666
Crystal Palace,2005,5,1,0.16666666666666666
Crystal Palace,2006,1,0,0.0
Crystal Palace,2007,0,1,1.0
Crystal Palace,2008,1,1,0.5
Crystal Palace,2010,1,2,0.6666666666666666
Crystal Palace,2011,3,0,0.0
Crystal Palace,2012,0,1,1.0
Crystal Palace,2013,2,0,0.0
Crystal Palace,2014,5,1,0.16666666666666666
Crystal Palace,2015,8,9,0.5294117647058824
Crystal Palace,2016,13,3,0.1875
Crystal Palace,2017,11,4,0.26666666666666666
Crystal Palace,2018,20,15,0.42857142857142855
Crystal Palace,2019,15,17,0.53125
Crystal Palace,2020,20,9,0.3103448275862069
Crystal Palace,2021,22,12,0.35294117647058826
Crystal Palace,2022,16,13,0.4482758620689655
Crystal Palace,2023,18,14,0.4375
Crystal Palace,2024,22,17,0.4358974358974359
Crystal Palace,2025,4,13,0.7647058823529411
Crystal Palace,2026,4,2,0.3333333333333333
Crystal Palace,2027,1,0,0.0
Crystal Palace,2028,3,1,0.25
Crystal Palace,2029,2,1,0.3333333333333333
Derby,1930,3,0,0.0
Derby,1931,1,0,0.0
Derby,2000,9,4,0.3076923076923077
Derby,2001,4,1,0.2
Derby,2002,2,1,0.3333333333333333
Derby,2003,3,2,0.4
Derby,2005,1,1,0.5
Derby,2006,2,0,0.0
Derby,2007,2,0,0.0
Derby,2008,1,1,0.5
Derby,2009,2,0,0.0
Derby,2010,1,0,0.0
Derby,2011,1,0,0.0
Derby,2012,5,0,0.0
Derby,2013,2,0,0.0
Derby,2014,1,0,0.0
Derby,2015,6,0,0.0
Derby,2016,0,2,1.0
Derby,2017,0,2,1.0
Derby,2018,1,1,0.5
Derby,2019,3,0,0.0
Derby,2020,1,0,0.0
Derby,2021,2,0,0.0
Derby,2022,2,1,0.3333333333333333
Derby,2023,3,1,0.25
Derby,2024,2,1,0.3333333333333333
Derby,2025,1,0,0.0
Derby,2026,2,0,0.0
Derby,2027,1,0,0.0
Derby,2028,3,0,0.0
Derby,2029,2,1,0.3333333333333333
Everton,1930,6,12,0.6666666666666666
Everton,1931,1,4,0.8
Everton,2000,10,6,0.375
Everton,2001,11,7,0.3888888888888889
Everton,2002,9,18,0.6666666666666666
Everton,2003,11,11,0.5
Everton,2004,5,5,0.5
Everton,2005,5,5,0.5
Everton,2006,6,4,0.4
Everton,2007,3,4,0.5714285714285714
Everton,2008,3,4,0.5714285714285714
Everton,2009,2,9,0.8181818181818182
Everton,2010,7,7,0.5
Everton,2011,5,10,0.6666666666666666
Everton,2012,1,6,0.8571428571428571
Everton,2013,4,7,0.6363636363636364
Everton,2014,6,6,0.5
Everton,2015,14,12,0.46153846153846156
Everton,2016,13,11,0.4583333333333333
Everton,2017,15,11,0.4230769230769231
Everton,2018,17,18,0.5142857142857142
Everton,2019,21,20,0.4878048780487805
Everton,2020,14,29,0.6744186046511628
Everton,2021,25,21,0.45652173913043476
Everton,2022,26,15,0.36585365853658536
Everton,2023,25,19,0.4318181818181818
Everton,2024,26,16,0.38095238095238093
Everton,2025,9,14,0.6086956521739131
Everton,2026,5,12,0.7058823529411765
Everton,2027,5,5,0.5
Everton,2028,6,10,0.625
Everton,2029,8,6,0.42857142857142855
Fulham,1930,8,6,0.42857142857142855
Fulham,1931,2,5,0.7142857142857143
Fulham,2001,11,5,0.3125
Fulham,2002,16,12,0.42857142857142855
Fulham,2003,8,15,0.6521739130434783
Fulham,2004,12,6,0.3333333333333333
Fulham,2005,4,6,0.6
Fulham,2006,3,3,0.5
Fulham,2007,3,4,0.5714285714285714
Fulham,2008,3,2,0.4
Fulham,2009,9,5,0.35714285714285715
Fulham,2010,5,3,0.375
Fulham,2011,7,4,0.36363636363636365
Fulham,2012,5,4,0.4444444444444444
Fulham,2013,3,3,0.5
Fulham,2014,6,2,0.25
Fulham,2015,6,9,0.6
Fulham,2016,4,5,0.5555555555555556
Fulham,2017,4,5,0.5555555555555556
Fulham,2018,18,5,0.21739130434782608
Fulham,2019,23,8,0.25806451612903225
Fulham,2020,18,5,0.21739130434782608
Fulham,2021,21,9,0.3
Fulham,2022,9,13,0.5909090909090909
Fulham,2023,31,18,0.3673469387755102
Fulham,2024,21,23,0.5227272727272727
Fulham,2025,13,15,0.5357142857142857
Fulham,2026,12,4,0.25
Fulham,2027,5,4,0.4444444444444444
Fulham,2028,9,2,0.18181818181818182
Fulham,2029,4,4,0.5
Huddersfield,2017,9,6,0.4
Huddersfield,2018,24,5,0.1724137931034483
Huddersfield,2019,14,1,0.06666666666666667
Hull,1930,2,0,0.0
Hull,1931,2,0,0.0
Hull,2001,5,2,0.2857142857142857
Hull,2002,1,1,0.5
Hull,2003,2,1,0.3333333333333333
Hull,2004,3,2,0.4
Hull,2005,2,3,0.6
Hull,2006,2,3,0.6
Hull,2007,1,0,0.0
Hull,2008,2,2,0.5
Hull,2009,2,0,0.0
Hull,2010,3,0,0.0
Hull,2011,5,1,0.16666666666666666
Hull,2012,1,0,0.0
Hull,2013,1,2,0.6666666666666666
Hull,2014,2,1,0.3333333333333333
Hull,2015,4,0,0.0
Hull,2016,0,1,1.0
Hull,2017,3,0,0.0
Hull,2018,4,0,0.0
Hull,2019,6,1,0.14285714285714285
Hull,2020,4,1,0.2
Hull,2021,2,1,0.3333333333333333
Hull,2022,3,4,0.5714285714285714
Hull,2023,3,0,0.0
Hull,2024,3,1,0.25
Hull,2025,1,2,0.6666666666666666
Hull,2026,5,0,0.0
Hull,2027,3,2,0.4
Hull,2028,2,2,0.5
Hull,2029,3,0,0.0
Ipswich,1930,3,1,0.25
Ipswich,2000,6,11,0.6470588235294118
Ipswich,2001,3,0,0.0
Ipswich,2002,1,2,0.6666666666666666
Ipswich,2003,1,0,0.0
Ipswich,2004,1,1,0.5
Ipswich,2006,2,0,0.0
Ipswich,2007,0,1,1.0
Ipswich,2009,2,0,0.0
Ipswich,2010,2,0,0.0
Ipswich,2011,1,0,0.0
Ipswich,2012,0,1,1.0
Ipswich,2013,1,0,0.0
Ipswich,2014,0,2,1.0
Ipswich,2016,0,1,1.0
Ipswich,2017,1,1,0.5
Ipswich,2018,2,0,0.0
Ipswich,2019,0,1,1.0
Ipswich,2020,1,0,0.0
Ipswich,2021,1,2,0.6666666666666666
Ipswich,2022,1,1,0.5
Ipswich,2024,20,8,0.2857142857142857
Ipswich,2025,17,0,0.0
Ipswich,2026,0,1,1.0
Ipswich,2027,1,0,0.0
Ipswich,2028,1,0,0.0
Ipswich,2029,0,1,1.0
Leeds,1930,2,2,0.5
Leeds,1931,1,2,0.6666666666666666
Leeds,2000,8,7,0.4666666666666667
Leeds,2001,2,1,0.3333333333333333
Leeds,2002,11,8,0.42105263157894735
Leeds,2003,10,7,0.4117647058823529
Leeds,2004,0,2,1.0
Leeds,2005,1,1,0.5
Leeds,2006,0,1,1.0
Leeds,2007,2,2,0.5
Leeds,2008,1,0,0.0
Leeds,2009,0,1,1.0
Leeds,2010,1,2,0.6666666666666666
Leeds,2011,0,1,1.0
Leeds,2012,1,0,0.0
Leeds,2013,1,4,0.8
Leeds,2014,0,1,1.0
Leeds,2015,2,0,0.0
Leeds,2016,1,1,0.5
Leeds,2017,1,2,0.6666666666666666
Leeds,2018,2,1,0.3333333333333333
Leeds,2019,0,2,1.0
Leeds,2020,10,7,0.4117647058823529
Leeds,2021,16,16,0.5
Leeds,2022,20,11,0.3548387096774194
Leeds,2023,14,5,0.2631578947368421
Leeds,2024,0,2,1.0
Leeds,2025,2,0,0.0
Leeds,2026,0,1,1.0
Leeds,2027,1,1,0.5
Leeds,2028,2,1,0.3333333333333333
Leeds,2029,0,2,1.0
Leicester,1930,2,1,0.3333333333333333
Leicester,1931,3,1,0.25
Leicester,2000,5,10,0.6666666666666666
Leicester,2001,3,2,0.4
Leicester,2002,2,1,0.3333333333333333
Leicester,2003,1,3,0.75
Leicester,2004,2,2,0.5
Leicester,2005,2,1,0.3333333333333333
Leicester,2006,2,1,0.3333333333333333
Leicester,2007,2,0,0.0
Leicester,2008,1,1,0.5
Leicester,2009,2,1,0.3333333333333333
Leicester,2010,3,1,0.25
Leicester,2011,1,1,0.5
Leicester,2012,2,0,0.0
Leicester,2013,6,1,0.14285714285714285
Leicester,2014,3,0,0.0
Leicester,2015,4,13,0.7647058823529411
Leicester,2016,2,12,0.8571428571428571
Leicester,2017,12,8,0.4
Leicester,2018,17,14,0.45161290322580644
Leicester,2019,15,20,0.5714285714285714
Leicester,2020,16,14,0.4666666666666667
Leicester,2021,15,18,0.5454545454545454
Leicester,2022,18,13,0.41935483870967744
Leicester,2023,16,4,0.2
Leicester,2024,23,7,0.23333333333333334
Leicester,2025,20,2,0.09090909090909091
Leicester,2026,4,0,0.0
Leicester,2027,1,2,0.6666666666666666
Leicester,2028,1,0,0.0
Leicester,2029,1,2,0.6666666666666666
Liverpool,1930,2,13,0.8666666666666667
Liverpool,1931,1,7,0.875
Liverpool,2000,7,10,0.5882352941176471
Liverpool,2001,5,18,0.782608695652174
Liverpool,2002,10,20,0.6666666666666666
Liverpool,2003,11,15,0.5769230769230769
Liverpool,2004,4,7,0.6363636363636364
Liverpool,2005,5,6,0.5454545454545454
Liverpool,2006,1,8,0.8888888888888888
Liverpool,2007,0,6,1.0
Liverpool,2008,5,8,0.6153846153846154
Liverpool,2009,5,7,0.5833333333333334
Liverpool,2010,4,7,0.6363636363636364
Liverpool,2011,4,10,0.7142857142857143
Liverpool,2012,5,5,0.5
Liverpool,2013,6,9,0.6
Liverpool,2014,1,6,0.8571428571428571
Liverpool,2015,8,16,0.6666666666666666
Liverpool,2016,9,18,0.6666666666666666
Liverpool,2017,7,16,0.6956521739130435
Liverpool,2018,6,31,0.8378378378378378
Liverpool,2019,3,42,0.9333333333333333
Liverpool,2020,7,40,0.851063829787234
Liverpool,2021,15,27,0.6428571428571429
Liverpool,2022,10,33,0.7674418604651163
Liverpool,2023,12,30,0.7142857142857143
Liverpool,2024,7,49,0.875
Liverpool,2025,0,23,1.0
Liverpool,2026,3,17,0.85
Liverpool,2027,5,5,0.5
Liverpool,2028,5,10,0.6666666666666666
Liverpool,2029,3,12,0.8
Luton,2023,12,4,0.25
Luton,2024,12,2,0.14285714285714285
Man City,1930,3,6,0.6666666666666666
Man City,1931,5,5,0.5
Man City,2000,12,5,0.29411764705882354
Man City,2001,3,14,0.8235294117647058
Man City,2002,14,14,0.5
Man City,2003,13,13,0.5
Man City,2004,7,6,0.46153846153846156
Man City,2005,6,10,0.625
Man City,2006,2,3,0.6
Man City,2007,4,6,0.6
Man City,2008,5,2,0.2857142857142857
Man City,2009,6,3,0.3333333333333333
Man City,2010,7,4,0.36363636363636365
Man City,2011,9,7,0.4375
Man City,2012,4,5,0.5555555555555556
Man City,2013,7,5,0.4166666666666667
Man City,2014,2,8,0.8
Man City,2015,8,22,0.7333333333333333
Man City,2016,9,14,0.6086956521739131
Man City,2017,6,28,0.8235294117647058
Man City,2018,7,35,0.8333333333333334
Man City,2019,9,40,0.8163265306122449
Man City,2020,11,27,0.7105263157894737
Man City,2021,11,46,0.8070175438596491
Man City,2022,8,34,0.8095238095238095
Man City,2023,7,33,0.825
Man City,2024,17,42,0.711864406779661
Man City,2025,13,17,0.5666666666666667
Man City,2026,7,9,0.5625
Man City,2027,2,6,0.75
Man City,2028,5,11,0.6875
Man City,2029,4,8,0.6666666666666666
Man United,1930,3,9,0.75
Man United,1931,3,10,0.7692307692307693
Man United,2000,2,14,0.875
Man United,2001,8,17,0.68
Man United,2002,5,23,0.8214285714285714
Man United,2003,2,21,0.9130434782608695
Man United,2004,3,9,0.75
Man United,2005,3,8,0.7272727272727273
Man United,2006,1,13,0.9285714285714286
Man United,2007,3,4,0.5714285714285714
Man United,2008,5,6,0.5454545454545454
Man United,2009,1,8,0.8888888888888888
Man United,2010,3,10,0.7692307692307693
Man United,2011,2,11,0.8461538461538461
Man United,2012,1,6,0.8571428571428571
Man United,2013,3,14,0.8235294117647058
Man United,2014,4,12,0.75
Man United,2015,7,21,0.75
Man United,2016,6,19,0.76
Man United,2017,8,24,0.75
Man United,2018,10,31,0.7560975609756098
Man United,2019,15,28,0.6511627906976745
Man United,2020,11,31,0.7380952380952381
Man United,2021,10,29,0.7435897435897436
Man United,2022,13,32,0.7111111111111111
Man United,2023,17,37,0.6851851851851852
Man United,2024,26,28,0.5185185185185185
Man United,2025,10,14,0.5833333333333334
Man United,2026,1,22,0.9565217391304348
Man United,2027,0,12,1.0
Man United,2028,1,13,0.9285714285714286
Man United,2029,4,12,0.75
Middlesbrough,1930,6,3,0.3333333333333333
Middlesbrough,1931,3,2,0.4
Middlesbrough,2000,10,4,0.2857142857142857
Middlesbrough,2001,4,6,0.6
Middlesbrough,2002,11,12,0.5217391304347826
Middlesbrough,2003,9,8,0.47058823529411764
Middlesbrough,2004,7,2,0.2222222222222222
Middlesbrough,2005,4,3,0.42857142857142855
Middlesbrough,2006,2,2,0.5
Middlesbrough,2007,4,3,0.42857142857142855
Middlesbrough,2008,3,2,0.4
Middlesbrough,2009,2,4,0.6666666666666666
Middlesbrough,2010,4,1,0.2
Middlesbrough,2011,4,6,0.6
Middlesbrough,2012,2,1,0.3333333333333333
Middlesbrough,2013,4,3,0.42857142857142855
Middlesbrough,2014,3,3,0.5
Middlesbrough,2015,5,2,0.2857142857142857
Middlesbrough,2016,4,2,0.3333333333333333
Middlesbrough,2017,5,4,0.4444444444444444
Middlesbrough,2018,6,2,0.25
Middlesbrough,2019,4,2,0.3333333333333333
Middlesbrough,2020,7,4,0.36363636363636365
Middlesbrough,2021,6,3,0.3333333333333333
Middlesbrough,2022,4,3,0.42857142857142855
Middlesbrough,2023,5,5,0.5
Middlesbrough,2024,7,1,0.125
Middlesbrough,2025,4,1,0.2
Middlesbrough,2026,8,3,0.2727272727272727
Middlesbrough,2027,4,1,0.2
Middlesbrough,2028,7,3,0.3
Middlesbrough,2029,4,6,0.6
Newcastle,1930,8,4,0.3333333333333333
Newcastle,1931,4,4,0.5
Newcastle,2000,8,9,0.5294117647058824
Newcastle,2001,9,7,0.4375
Newcastle,2002,15,17,0.53125
Newcastle,2003,9,15,0.625
Newcastle,2004,5,5,0.5
Newcastle,2005,6,7,0.5384615384615384
Newcastle,2006,2,2,0.5
Newcastle,2007,3,10,0.7692307692307693
Newcastle,2008,2,2,0.5
Newcastle,2009,5,5,0.5
Newcastle,2010,5,4,0.4444444444444444
Newcastle,2011,7,5,0.4166666666666667
Newcastle,2012,6,2,0.25
Newcastle,2013,3,4,0.5714285714285714
Newcastle,2014,7,3,0.3
Newcastle,2015,14,11,0.44
Newcastle,2016,11,7,0.3888888888888889
Newcastle,2017,18,8,0.3076923076923077
Newcastle,2018,17,18,0.5142857142857142
Newcastle,2019,26,19,0.4222222222222222
Newcastle,2020,17,15,0.46875
Newcastle,2021,28,13,0.3170731707317073
Newcastle,2022,7,30,0.8108108108108109
Newcastle,2023,16,27,0.627906976744186
Newcastle,2024,21,33,0.6111111111111112
Newcastle,2025,13,15,0.5357142857142857
Newcastle,2026,9,5,0.35714285714285715
Newcastle,2027,6,3,0.3333333333333333
Newcastle,2028,10,4,0.2857142857142857
Newcastle,2029,8,2,0.2
Norwich,1930,2,1,0.3333333333333333
Norwich,1931,1,1,0.5
Norwich,2001,4,0,0.0
Norwich,2002,5,2,0.2857142857142857
Norwich,2003,3,1,0.25
Norwich,2004,3,1,0.25
Norwich,2005,3,1,0.25
Norwich,2006,2,0,0.0
Norwich,2007,0,2,1.0
Norwich,2008,0,1,1.0
Norwich,2009,0,3,1.0
Norwich,2010,0,1,1.0
Norwich,2011,4,2,0.3333333333333333
Norwich,2012,2,1,0.3333333333333333
Norwich,2013,2,1,0.3333333333333333
Norwich,2014,2,1,0.3333333333333333
Norwich,2015,12,7,0.3684210526315789
Norwich,2016,13,4,0.23529411764705882
Norwich,2017,0,2,1.0
Norwich,2018,3,1,0.25
Norwich,2019,17,4,0.19047619047619047
Norwich,2020,15,6,0.2857142857142857
Norwich,2021,16,2,0.1111111111111111
Norwich,2022,14,4,0.2222222222222222
Norwich,2023,3,3,0.5
Norwich,2024,1,1,0.5
Norwich,2025,1,0,0.0
Norwich,2026,5,2,0.2857142857142857
Norwich,2027,3,0,0.0
Norwich,2028,5,0,0.0
Norwich,2029,3,1,0.25
Nott'm Forest,2022,9,3,0.25
Nott'm Forest,2023,19,11,0.36666666666666664
Nott'm Forest,2024,18,26,0.5909090909090909
Nott'm Forest,2025,6,10,0.625
Portsmouth,1930,5,4,0.4444444444444444
Portsmouth,1931,2,2,0.5
Portsmouth,2001,3,4,0.5714285714285714
Portsmouth,2002,4,0,0.0
Portsmouth,2003,7,2,0.2222222222222222
Portsmouth,2004,5,1,0.16666666666666666
Portsmouth,2005,4,2,0.3333333333333333
Portsmouth,2006,3,0,0.0
Portsmouth,2007,4,2,0.3333333333333333
Portsmouth,2008,1,4,0.8
Portsmouth,2009,4,4,0.5
Portsmouth,2010,0,3,1.0
Portsmouth,2011,3,2,0.4
Portsmouth,2012,3,2,0.4
Portsmouth,2013,5,1,0.16666666666666666
Portsmouth,2014,2,3,0.6
Portsmouth,2015,5,3,0.375
Portsmouth,2016,1,2,0.6666666666666666
Portsmouth,2017,5,2,0.2857142857142857
Portsmouth,2018,2,7,0.7777777777777778
Portsmouth,2019,4,3,0.42857142857142855
Portsmouth,2020,8,2,0.2
Portsmouth,2021,5,2,0.2857142857142857
Portsmouth,2022,7,1,0.125
Portsmouth,2023,0,3,1.0
Portsmouth,2024,4,2,0.3333333333333333
Portsmouth,2025,6,1,0.14285714285714285
Portsmouth,2026,7,4,0.36363636363636365
Portsmouth,2027,5,3,0.375
Portsmouth,2028,5,4,0.4444444444444444
Portsmouth,2029,3,4,0.5714285714285714
QPR,1930,2,0,0.0
QPR,1931,1,1,0.5
QPR,2001,3,0,0.0
QPR,2002,2,2,0.5
QPR,2004,2,0,0.0
QPR,2005,1,0,0.0
QPR,2006,1,1,0.5
QPR,2008,1,0,0.0
QPR,2009,1,1,0.5
QPR,2010,3,0,0.0
QPR,2011,1,1,0.5
QPR,2012,1,0,0.0
QPR,2013,3,0,0.0
QPR,2014,1,0,0.0
QPR,2015,1,1,0.5
QPR,2016,1,0,0.0
QPR,2017,1,1,0.5
QPR,2018,2,0,0.0
QPR,2019,1,1,0.5
QPR,2020,1,1,0.5
QPR,2021,1,3,0.75
QPR,2022,1,0,0.0
QPR,2023,2,1,0.3333333333333333
QPR,2024,2,0,0.0
QPR,2025,1,0,0.0
QPR,2026,2,0,0.0
QPR,2027,2,0,0.0
QPR,2029,1,0,0.0
Reading,1930,3,2,0.4
Reading,2001,5,3,0.375
Reading,2002,2,2,0.5
Reading,2003,3,1,0.25
Reading,2004,1,1,0.5
Reading,2005,2,0,0.0
Reading,2006,2,0,0.0
Reading,2007,1,1,0.5
Reading,2008,1,2,0.6666666666666666
Reading,2009,3,0,0.0
Reading,2010,0,1,1.0
Reading,2011,1,2,0.6666666666666666
Reading,2012,3,2,0.4
Reading,2014,2,1,0.3333333333333333
Reading,2015,3,0,0.0
Reading,2016,3,1,0.25
Reading,2017,1,1,0.5
Reading,2018,0,2,1.0
Reading,2019,3,2,0.4
Reading,2020,3,1,0.25
Reading,2021,0,1,1.0
Reading,2022,4,3,0.42857142857142855
Reading,2023,3,0,0.0
Reading,2024,4,0,0.0
Reading,2025,1,1,0.5
Reading,2026,1,0,0.0
Reading,2027,1,1,0.5
Reading,2028,1,0,0.0
Reading,2029,2,1,0.3333333333333333
Sheffield United,1930,0,3,1.0
Sheffield United,1931,1,0,0.0
Sheffield United,2001,1,0,0.0
Sheffield United,2002,0,1,1.0
Sheffield United,2003,1,0,0.0
Sheffield United,2004,0,1,1.0
Sheffield United,2005,1,0,0.0
Sheffield United,2007,1,0,0.0
Sheffield United,2010,0,1,1.0
Sheffield United,2013,1,0,0.0
Sheffield United,2014,0,1,1.0
Sheffield United,2016,1,1,0.5
Sheffield United,2017,2,0,0.0
Sheffield United,2018,1,0,0.0
Sheffield United,2019,5,7,0.5833333333333334
Sheffield United,2020,22,7,0.2413793103448276
Sheffield United,2021,16,7,0.30434782608695654
Sheffield United,2022,1,0,0.0
Sheffield United,2023,17,2,0.10526315789473684
Sheffield United,2024,14,1,0.06666666666666667
Sheffield United,2025,1,0,0.0
Sheffield United,2026,2,0,0.0
Sheffield United,2028,1,2,0.6666666666666666
Southampton,1930,2,3,0.6
Southampton,1931,4,2,0.3333333333333333
Southampton,2000,8,7,0.4666666666666667
Southampton,2001,9,2,0.18181818181818182
Southampton,2002,12,9,0.42857142857142855
Southampton,2003,9,8,0.47058823529411764
Southampton,2004,5,1,0.16666666666666666
Southampton,2005,3,2,0.4
Southampton,2006,1,3,0.75
Southampton,2007,1,1,0.5
Southampton,2008,0,4,1.0
Southampton,2009,3,3,0.5
Southampton,2010,4,1,0.2
Southampton,2011,0,5,1.0
Southampton,2012,2,1,0.3333333333333333
Southampton,2013,2,5,0.7142857142857143
Southampton,2014,3,1,0.25
Southampton,2015,12,9,0.42857142857142855
Southampton,2016,6,14,0.7
Southampton,2017,10,9,0.47368421052631576
Southampton,2018,20,8,0.2857142857142857
Southampton,2019,20,13,0.3939393939393939
Southampton,2020,14,18,0.5625
Southampton,2021,23,12,0.34285714285714286
Southampton,2022,26,11,0.2972972972972973
Southampton,2023,16,3,0.15789473684210525
Southampton,2024,34,4,0.10526315789473684
Southampton,2025,23,5,0.17857142857142858
Southampton,2026,1,4,0.8
Southampton,2027,4,2,0.3333333333333333
Southampton,2028,5,1,0.16666666666666666
Southampton,2029,5,2,0.2857142857142857
Stoke,1930,4,0,0.0
Stoke,1931,4,3,0.42857142857142855
Stoke,2001,2,5,0.7142857142857143
Stoke,2002,5,2,0.2857142857142857
Stoke,2003,1,5,0.8333333333333334
Stoke,2004,4,4,0.5
Stoke,2005,5,3,0.375
Stoke,2006,4,1,0.2
Stoke,2007,1,2,0.6666666666666666
Stoke,2008,2,1,0.3333333333333333
Stoke,2009,2,3,0.6
Stoke,2010,4,2,0.3333333333333333
Stoke,2011,2,3,0.6
Stoke,2012,5,1,0.16666666666666666
Stoke,2013,1,2,0.6666666666666666
Stoke,2014,4,1,0.2
Stoke,2015,7,14,0.6666666666666666
Stoke,2016,11,7,0.3888888888888889
Stoke,2017,15,7,0.3181818181818182
Stoke,2018,12,3,0.2
Stoke,2019,5,2,0.2857142857142857
Stoke,2020,4,3,0.42857142857142855
Stoke,2021,4,3,0.42857142857142855
Stoke,2022,6,3,0.3333333333333333
Stoke,2023,3,3,0.5
Stoke,2024,2,3,0.6
Stoke,2025,2,0,0.0
Stoke,2026,8,6,0.42857142857142855
Stoke,2027,5,3,0.375
Stoke,2028,4,2,0.3333333333333333
Stoke,2029,3,4,0.5714285714285714
Sunderland,1930,4,0,0.0
Sunderland,1931,9,0,0.0
Sunderland,2000,5,10,0.6666666666666666
Sunderland,2001,6,8,0.5714285714285714
Sunderland,2002,21,4,0.16
Sunderland,2003,24,4,0.14285714285714285
Sunderland,2004,5,3,0.375
Sunderland,2005,7,6,0.46153846153846156
Sunderland,2006,4,2,0.3333333333333333
Sunderland,2007,7,3,0.3
Sunderland,2008,4,1,0.2
Sunderland,2009,7,3,0.3
Sunderland,2010,6,2,0.25
Sunderland,2011,6,4,0.4
Sunderland,2012,5,2,0.2857142857142857
Sunderland,2013,6,3,0.3333333333333333
Sunderland,2014,7,2,0.2222222222222222
Sunderland,2015,21,6,0.2222222222222222
Sunderland,2016,11,6,0.35294117647058826
Sunderland,2017,3,4,0.5714285714285714
Sunderland,2018,6,6,0.5
Sunderland,2019,7,3,0.3
Sunderland,2020,7,4,0.36363636363636365
Sunderland,2021,6,4,0.4
Sunderland,2022,8,7,0.4666666666666667
Sunderland,2023,6,3,0.3333333333333333
Sunderland,2024,7,2,0.2222222222222222
Sunderland,2025,7,2,0.2222222222222222
Sunderland,2026,10,4,0.2857142857142857
Sunderland,2027,4,4,0.5
Sunderland,2028,4,1,0.2
Sunderland,2029,12,7,0.3684210526315789
Swansea,1930,1,0,0.0
Swansea,1931,2,1,0.3333333333333333
Swansea,2001,5,2,0.2857142857142857
Swansea,2002,1,3,0.75
Swansea,2003,4,2,0.3333333333333333
Swansea,2004,0,3,1.0
Swansea,2005,3,0,0.0
Swansea,2006,4,1,0.2
Swansea,2007,0,1,1.0
Swansea,2008,2,1,0.3333333333333333
Swansea,2009,1,1,0.5
Swansea,2010,1,2,0.6666666666666666
Swansea,2011,4,2,0.3333333333333333
Swansea,2012,1,1,0.5
Swansea,2013,1,3,0.75
Swansea,2014,2,1,0.3333333333333333
Swansea,2015,14,5,0.2631578947368421
Swansea,2016,9,8,0.47058823529411764
Swansea,2017,16,7,0.30434782608695654
Swansea,2018,10,5,0.3333333333333333
Swansea,2019,3,3,0.5
Swansea,2020,1,1,0.5
Swansea,2021,2,2,0.5
Swansea,2022,3,2,0.4
Swansea,2023,1,1,0.5
Swansea,2024,3,0,0.0
Swansea,2025,2,1,0.3333333333333333
Swansea,2026,3,2,0.4
Swansea,2027,2,0,0.0
Swansea,2028,2,2,0.5
Swansea,2029,1,3,0.75
Tottenham,1930,9,4,0.3076923076923077
Tottenham,1931,5,2,0.2857142857142857
Tottenham,2000,9,7,0.4375
Tottenham,2001,6,16,0.7272727272727273
Tottenham,2002,11,19,0.6333333333333333
Tottenham,2003,14,13,0.48148148148148145
Tottenham,2004,4,9,0.6923076923076923
Tottenham,2005,5,9,0.6428571428571429
Tottenham,2006,5,2,0.2857142857142857
Tottenham,2007,4,7,0.6363636363636364
Tottenham,2008,3,4,0.5714285714285714
Tottenham,2009,6,10,0.625
Tottenham,2010,6,6,0.5
Tottenham,2011,9,8,0.47058823529411764
Tottenham,2012,5,4,0.4444444444444444
Tottenham,2013,4,5,0.5555555555555556
Tottenham,2014,3,7,0.7
Tottenham,2015,7,18,0.72
Tottenham,2016,10,16,0.6153846153846154
Tottenham,2017,10,17,0.6296296296296297
Tottenham,2018,10,37,0.7872340425531915
Tottenham,2019,16,29,0.6444444444444445
Tottenham,2020,13,20,0.6060606060606061
Tottenham,2021,17,29,0.6304347826086957
Tottenham,2022,20,29,0.5918367346938775
Tottenham,2023,20,29,0.5918367346938775
Tottenham,2024,30,26,0.4642857142857143
Tottenham,2025,17,10,0.37037037037037035
Tottenham,2026,6,17,0.7391304347826086
Tottenham,2027,2,7,0.7777777777777778
Tottenham,2028,7,10,0.5882352941176471
Tottenham,2029,3,6,0.6666666666666666
Watford,1931,2,1,0.3333333333333333
Watford,2001,2,1,0.3333333333333333
Watford,2003,3,0,0.0
Watford,2004,1,3,0.75
Watford,2005,0,1,1.0
Watford,2006,2,0,0.0
Watford,2007,1,0,0.0
Watford,2008,1,0,0.0
Watford,2009,1,1,0.5
Watford,2010,0,3,1.0
Watford,2011,2,0,0.0
Watford,2012,1,0,0.0
Watford,2013,1,0,0.0
Watford,2014,2,0,0.0
Watford,2015,7,9,0.5625
Watford,2016,12,5,0.29411764705882354
Watford,2017,12,7,0.3684210526315789
Watford,2018,20,13,0.3939393939393939
Watford,2019,19,10,0.3448275862068966
Watford,2020,12,5,0.29411764705882354
Watford,2021,13,4,0.23529411764705882
Watford,2022,16,2,0.1111111111111111
Watford,2023,1,1,0.5
Watford,2024,1,0,0.0
Watford,2026,3,0,0.0
Watford,2027,2,0,0.0
Watford,2028,2,0,0.0
Watford,2029,0,1,1.0
West Brom,1930,5,1,0.16666666666666666
West Brom,1931,2,1,0.3333333333333333
West Brom,2001,9,2,0.18181818181818182
West Brom,2002,17,8,0.32
West Brom,2003,14,5,0.2631578947368421
West Brom,2004,10,3,0.23076923076923078
West Brom,2005,4,4,0.5
West Brom,2006,1,3,0.75
West Brom,2007,5,1,0.16666666666666666
West Brom,2008,6,0,0.0
West Brom,2009,0,3,1.0
West Brom,2010,4,2,0.3333333333333333
West Brom,2011,10,2,0.16666666666666666
West Brom,2012,3,1,0.25
West Brom,2013,3,2,0.4
West Brom,2014,6,3,0.3333333333333333
West Brom,2015,12,11,0.4782608695652174
West Brom,2016,12,5,0.29411764705882354
West Brom,2017,14,6,0.3
West Brom,2018,13,7,0.35
West Brom,2019,1,3,0.75
West Brom,2020,14,2,0.125
West Brom,2021,16,11,0.4074074074074074
West Brom,2022,5,5,0.5
West Brom,2023,5,2,0.2857142857142857
West Brom,2024,2,1,0.3333333333333333
West Brom,2025,3,4,0.5714285714285714
West Brom,2026,8,2,0.2
West Brom,2027,4,3,0.42857142857142855
West Brom,2028,7,3,0.3
West Brom,2029,7,0,0.0
West Ham,1930,6,5,0.45454545454545453
West Ham,1931,4,2,0.3333333333333333
West Ham,2000,5,7,0.5833333333333334
West Ham,2001,13,11,0.4583333333333333
West Ham,2002,17,8,0.32
West Ham,2003,13,8,0.38095238095238093
West Ham,2004,1,5,0.8333333333333334
West Ham,2005,6,7,0.5384615384615384
West Ham,2006,8,3,0.2727272727272727
West Ham,2007,2,2,0.5
West Ham,2008,5,3,0.375
West Ham,2009,8,1,0.1111111111111111
West Ham,2010,4,3,0.42857142857142855
West Ham,2011,8,4,0.3333333333333333
West Ham,2012,5,3,0.375
West Ham,2013,3,3,0.5
West Ham,2014,5,5,0.5
West Ham,2015,12,12,0.5
West Ham,2016,9,10,0.5263157894736842
West Ham,2017,17,9,0.34615384615384615
West Ham,2018,21,17,0.4473684210526316
West Ham,2019,24,15,0.38461538461538464
West Ham,2020,18,17,0.4857142857142857
West Ham,2021,17,27,0.6136363636363636
West Ham,2022,23,14,0.3783783783783784
West Ham,2023,24,23,0.48936170212765956
West Ham,2024,28,20,0.4166666666666667
West Ham,2025,15,9,0.375
West Ham,2026,6,6,0.5
West Ham,2027,6,3,0.3333333333333333
West Ham,2028,8,5,0.38461538461538464
West Ham,2029,7,2,0.2222222222222222
Wigan,1930,5,2,0.2857142857142857
Wigan,1931,4,1,0.2
Wigan,2001,5,1,0.16666666666666666
Wigan,2002,4,3,0.42857142857142855
Wigan,2003,7,4,0.36363636363636365
Wigan,2004,3,2,0.4
Wigan,2005,4,3,0.42857142857142855
Wigan,2006,5,1,0.16666666666666666
Wigan,2007,4,1,0.2
Wigan,2008,0,1,1.0
Wigan,2009,7,0,0.0
Wigan,2010,3,2,0.4
Wigan,2011,6,5,0.45454545454545453
Wigan,2012,0,2,1.0
Wigan,2013,4,4,0.5
Wigan,2014,6,1,0.14285714285714285
Wigan,2015,5,5,0.5
Wigan,2016,6,4,0.4
Wigan,2017,4,2,0.3333333333333333
Wigan,2018,2,4,0.6666666666666666
Wigan,2019,6,1,0.14285714285714285
Wigan,2020,6,1,0.14285714285714285
Wigan,2021,6,2,0.25
Wigan,2022,8,3,0.2727272727272727
Wigan,2023,2,2,0.5
Wigan,2024,5,6,0.5454545454545454
Wigan,2025,2,2,0.5
Wigan,2026,8,7,0.4666666666666667
Wigan,2027,4,3,0.42857142857142855
Wigan,2028,3,7,0.7
Wigan,2029,9,3,0.25
Wolves,1930,0,1,1.0
Wolves,1931,2,0,0.0
Wolves,2001,4,1,0.2
Wolves,2002,4,0,0.0
Wolves,2003,3,0,0.0
Wolves,2004,2,3,0.6
Wolves,2005,0,3,1.0
Wolves,2006,3,1,0.25
Wolves,2007,4,0,0.0
Wolves,2008,0,1,1.0
Wolves,2009,1,1,0.5
Wolves,2010,6,1,0.14285714285714285
Wolves,2011,2,0,0.0
Wolves,2012,4,2,0.3333333333333333
Wolves,2013,3,2,0.4
Wolves,2014,2,2,0.5
Wolves,2015,4,0,0.0
Wolves,2016,3,0,0.0
Wolves,2017,2,2,0.5
Wolves,2018,9,9,0.5
Wolves,2019,11,16,0.5925925925925926
Wolves,2020,16,16,0.5
Wolves,2021,19,15,0.4411764705882353
Wolves,2022,25,11,0.3055555555555556
Wolves,2023,19,17,0.4722222222222222
Wolves,2024,34,13,0.2765957446808511
Wolves,2025,12,7,0.3684210526315789
Wolves,2026,6,1,0.14285714285714285
Wolves,2027,4,1,0.2
Wolves,2028,1,1,0.5
Wolves,2029,2,1,0.3333333333333333
