Team,Year,Matches,Wins,Win_Percentage
Arsenal,1930,15,10.0,0.6666666666666666
Arsenal,1931,10,4.0,0.4
Arsenal,2000,21,11.0,0.5238095238095238
Arsenal,2001,25,15.0,0.6
Arsenal,2002,41,28.0,0.6829268292682927
Arsenal,2003,34,18.0,0.5294117647058824
Arsenal,2004,19,13.0,0.6842105263157895
Arsenal,2005,15,8.0,0.5333333333333333
Arsenal,2006,11,5.0,0.45454545454545453
Arsenal,2007,9,5.0,0.5555555555555556
Arsenal,2008,11,6.0,0.5454545454545454
Arsenal,2009,12,6.0,0.5
Arsenal,2010,20,13.0,0.65
Arsenal,2011,15,13.0,0.8666666666666667
Arsenal,2012,11,6.0,0.5454545454545454
Arsenal,2013,22,12.0,0.5454545454545454
Arsenal,2014,17,12.0,0.7058823529411765
Arsenal,2015,39,22.0,0.5641025641025641
Arsenal,2016,34,18.0,0.5294117647058824
Arsenal,2017,35,21.0,0.6
Arsenal,2018,55,25.0,0.45454545454545453
Arsenal,2019,54,26.0,0.48148148148148145
Arsenal,2020,54,23.0,0.42592592592592593
Arsenal,2021,60,32.0,0.5333333333333333
Arsenal,2022,54,37.0,0.6851851851851852
Arsenal,2023,58,35.0,0.603448275862069
Arsenal,2024,69,46.0,0.6666666666666666
Arsenal,2025,35,18.0,0.5142857142857142
Arsenal,2026,22,15.0,0.6818181818181818
Arsenal,2027,13,8.0,0.6153846153846154
Arsenal,2028,20,9.0,0.45
Arsenal,2029,22,14.0,0.6363636363636364
Aston Villa,1930,13,5.0,0.38461538461538464
Aston Villa,1931,12,3.0,0.25
Aston Villa,2000,19,7.0,0.3684210526315789
Aston Villa,2001,21,4.0,0.19047619047619047
Aston Villa,2002,42,13.0,0.30952380952380953
Aston Villa,2003,32,11.0,0.34375
Aston Villa,2004,11,6.0,0.5454545454545454
Aston Villa,2005,22,7.0,0.3181818181818182
Aston Villa,2006,10,4.0,0.4
Aston Villa,2007,12,6.0,0.5
Aston Villa,2008,7,1.0,0.14285714285714285
Aston Villa,2009,11,3.0,0.2727272727272727
Aston Villa,2010,17,7.0,0.4117647058823529
Aston Villa,2011,14,5.0,0.35714285714285715
Aston Villa,2012,14,6.0,0.42857142857142855
Aston Villa,2013,15,3.0,0.2
Aston Villa,2014,14,7.0,0.5
Aston Villa,2015,36,9.0,0.25
Aston Villa,2016,34,8.0,0.23529411764705882
Aston Villa,2017,13,5.0,0.38461538461538464
Aston Villa,2018,17,1.0,0.058823529411764705
Aston Villa,2019,31,8.0,0.25806451612903225
Aston Villa,2020,49,18.0,0.3673469387755102
Aston Villa,2021,60,21.0,0.35
Aston Villa,2022,53,14.0,0.2641509433962264
Aston Villa,2023,59,30.0,0.5084745762711864
Aston Villa,2024,73,30.0,0.410958904109589
Aston Villa,2025,36,11.0,0.3055555555555556
Aston Villa,2026,21,5.0,0.23809523809523808
Aston Villa,2027,19,8.0,0.42105263157894735
Aston Villa,2028,15,5.0,0.3333333333333333
Aston Villa,2029,16,6.0,0.375
Birmingham,1930,5,2.0,0.4
Birmingham,1931,3,0.0,0.0
Birmingham,2001,11,2.0,0.18181818181818182
Birmingham,2002,30,10.0,0.3333333333333333
Birmingham,2003,24,8.0,0.3333333333333333
Birmingham,2004,9,2.0,0.2222222222222222
Birmingham,2005,6,1.0,0.16666666666666666
Birmingham,2006,6,3.0,0.5
Birmingham,2007,6,1.0,0.16666666666666666
Birmingham,2008,5,0.0,0.0
Birmingham,2009,9,1.0,0.1111111111111111
Birmingham,2010,5,2.0,0.4
Birmingham,2011,6,2.0,0.3333333333333333
Birmingham,2012,11,4.0,0.36363636363636365
Birmingham,2013,8,1.0,0.125
Birmingham,2014,5,0.0,0.0
Birmingham,2015,9,3.0,0.3333333333333333
Birmingham,2016,9,2.0,0.2222222222222222
Birmingham,2017,6,0.0,0.0
Birmingham,2018,6,1.0,0.16666666666666666
Birmingham,2019,6,3.0,0.5
Birmingham,2020,11,3.0,0.2727272727272727
Birmingham,2021,6,3.0,0.5
Birmingham,2022,11,0.0,0.0
Birmingham,2023,6,1.0,0.16666666666666666
Birmingham,2024,6,2.0,0.3333333333333333
Birmingham,2025,7,3.0,0.42857142857142855
Birmingham,2026,10,4.0,0.4
Birmingham,2027,9,5.0,0.5555555555555556
Birmingham,2028,6,2.0,0.3333333333333333
Birmingham,2029,9,2.0,0.2222222222222222
Blackburn,1930,13,3.0,0.23076923076923078
Blackburn,1931,6,2.0,0.3333333333333333
Blackburn,2001,17,9.0,0.5294117647058824
Blackburn,2002,39,12.0,0.3076923076923077
Blackburn,2003,28,15.0,0.5357142857142857
Blackburn,2004,11,3.0,0.2727272727272727
Blackburn,2005,13,4.0,0.3076923076923077
Blackburn,2006,6,3.0,0.5
Blackburn,2007,11,4.0,0.36363636363636365
Blackburn,2008,5,0.0,0.0
Blackburn,2009,10,3.0,0.3
Blackburn,2010,11,5.0,0.45454545454545453
Blackburn,2011,20,5.0,0.25
Blackburn,2012,7,4.0,0.5714285714285714
Blackburn,2013,15,2.0,0.13333333333333333
Blackburn,2014,10,3.0,0.3
Blackburn,2015,14,2.0,0.14285714285714285
Blackburn,2016,8,3.0,0.375
Blackburn,2017,13,5.0,0.38461538461538464
Blackburn,2018,12,4.0,0.3333333333333333
Blackburn,2019,13,0.0,0.0
Blackburn,2020,16,10.0,0.625
Blackburn,2021,13,4.0,0.3076923076923077
Blackburn,2022,10,6.0,0.6
Blackburn,2023,14,2.0,0.14285714285714285
Blackburn,2024,13,4.0,0.3076923076923077
Blackburn,2025,14,5.0,0.35714285714285715
Blackburn,2026,16,4.0,0.25
Blackburn,2027,11,4.0,0.36363636363636365
Blackburn,2028,17,7.0,0.4117647058823529
Blackburn,2029,12,3.0,0.25
Blackpool,1930,1,0.0,0.0
Blackpool,2001,2,1.0,0.5
Blackpool,2002,1,0.0,0.0
Blackpool,2003,2,1.0,0.5
Blackpool,2004,1,0.0,0.0
Blackpool,2005,1,0.0,0.0
Blackpool,2006,1,0.0,0.0
Blackpool,2007,2,0.0,0.0
Blackpool,2010,2,0.0,0.0
Blackpool,2011,2,2.0,1.0
Blackpool,2012,2,1.0,0.5
Blackpool,2013,1,0.0,0.0
Blackpool,2014,2,2.0,1.0
Blackpool,2015,1,0.0,0.0
Blackpool,2016,1,0.0,0.0
Blackpool,2017,1,0.0,0.0
Blackpool,2019,2,0.0,0.0
Blackpool,2020,1,1.0,1.0
Blackpool,2021,1,0.0,0.0
Blackpool,2022,3,1.0,0.3333333333333333
Blackpool,2023,2,0.0,0.0
Blackpool,2025,2,0.0,0.0
Blackpool,2026,1,0.0,0.0
Blackpool,2027,1,0.0,0.0
Blackpool,2028,2,1.0,0.5
Bolton,1930,9,3.0,0.3333333333333333
Bolton,1931,10,5.0,0.5
Bolton,2001,13,3.0,0.23076923076923078
Bolton,2002,39,9.0,0.23076923076923078
Bolton,2003,29,9.0,0.3103448275862069
Bolton,2004,13,3.0,0.23076923076923078
Bolton,2005,10,3.0,0.3
Bolton,2006,9,4.0,0.4444444444444444
Bolton,2007,13,4.0,0.3076923076923077
Bolton,2008,5,2.0,0.4
Bolton,2009,14,7.0,0.5
Bolton,2010,9,2.0,0.2222222222222222
Bolton,2011,14,2.0,0.14285714285714285
Bolton,2012,7,4.0,0.5714285714285714
Bolton,2013,17,6.0,0.35294117647058826
Bolton,2014,7,1.0,0.14285714285714285
Bolton,2015,16,5.0,0.3125
Bolton,2016,10,5.0,0.5
Bolton,2017,12,4.0,0.3333333333333333
Bolton,2018,13,4.0,0.3076923076923077
Bolton,2019,11,3.0,0.2727272727272727
Bolton,2020,14,4.0,0.2857142857142857
Bolton,2021,13,5.0,0.38461538461538464
Bolton,2022,11,5.0,0.45454545454545453
Bolton,2023,13,4.0,0.3076923076923077
Bolton,2024,14,8.0,0.5714285714285714
Bolton,2025,10,5.0,0.5
Bolton,2026,21,5.0,0.23809523809523808
Bolton,2027,13,3.0,0.23076923076923078
Bolton,2028,10,1.0,0.1
Bolton,2029,19,4.0,0.21052631578947367
Bournemouth,1931,2,1.0,0.5
Bournemouth,2001,2,0.0,0.0
Bournemouth,2003,1,0.0,0.0
Bournemouth,2004,3,1.0,0.3333333333333333
Bournemouth,2005,2,0.0,0.0
Bournemouth,2006,1,0.0,0.0
Bournemouth,2008,1,0.0,0.0
Bournemouth,2010,2,1.0,0.5
Bournemouth,2011,1,1.0,1.0
Bournemouth,2013,3,2.0,0.6666666666666666
Bournemouth,2014,2,0.0,0.0
Bournemouth,2015,21,6.0,0.2857142857142857
Bournemouth,2016,19,6.0,0.3157894736842105
Bournemouth,2017,22,5.0,0.22727272727272727
Bournemouth,2018,39,15.0,0.38461538461538464
Bournemouth,2019,39,11.0,0.28205128205128205
Bournemouth,2020,18,4.0,0.2222222222222222
Bournemouth,2021,3,0.0,0.0
Bournemouth,2022,19,5.0,0.2631578947368421
Bournemouth,2023,40,14.0,0.35
Bournemouth,2024,58,23.0,0.39655172413793105
Bournemouth,2025,21,8.0,0.38095238095238093
Bournemouth,2026,1,0.0,0.0
Bournemouth,2027,2,0.0,0.0
Bournemouth,2029,2,1.0,0.5
Bradford,1930,1,0.0,0.0
Bradford,1931,1,0.0,0.0
Bradford,2000,20,2.0,0.1
Bradford,2001,2,1.0,0.5
Bradford,2003,1,0.0,0.0
Bradford,2004,1,0.0,0.0
Bradford,2005,1,0.0,0.0
Bradford,2010,2,0.0,0.0
Bradford,2013,3,1.0,0.3333333333333333
Bradford,2017,1,0.0,0.0
Bradford,2019,1,0.0,0.0
Bradford,2021,2,1.0,0.5
Bradford,2024,1,0.0,0.0
Bradford,2028,1,0.0,0.0
Brentford,2021,18,5.0,0.2777777777777778
Brentford,2022,37,13.0,0.35135135135135137
Brentford,2023,40,15.0,0.375
Brentford,2024,55,19.0,0.34545454545454546
Brentford,2025,22,10.0,0.45454545454545453
Brighton,2017,21,5.0,0.23809523809523808
Brighton,2018,37,11.0,0.2972972972972973
Brighton,2019,38,8.0,0.21052631578947367
Brighton,2020,34,5.0,0.14705882352941177
Brighton,2021,40,12.0,0.3
Brighton,2022,36,14.0,0.3888888888888889
Brighton,2023,41,19.0,0.4634146341463415
Brighton,2024,57,16.0,0.2807017543859649
Brighton,2025,20,12.0,0.6
Burnley,1930,1,0.0,0.0
Burnley,1931,3,3.0,1.0
Burnley,2001,2,0.0,0.0
Burnley,2002,2,0.0,0.0
Burnley,2003,3,1.0,0.3333333333333333
Burnley,2004,3,1.0,0.3333333333333333
Burnley,2005,2,1.0,0.5
Burnley,2006,3,1.0,0.3333333333333333
Burnley,2007,1,0.0,0.0
Burnley,2008,1,0.0,0.0
Burnley,2009,2,1.0,0.5
Burnley,2010,4,2.0,0.5
Burnley,2012,4,0.0,0.0
Burnley,2013,3,0.0,0.0
Burnley,2014,2,1.0,0.5
Burnley,2015,2,0.0,0.0
Burnley,2016,3,0.0,0.0
Burnley,2017,23,9.0,0.391304347826087
Burnley,2018,40,9.0,0.225
Burnley,2019,40,16.0,0.4
Burnley,2020,36,13.0,0.3611111111111111
Burnley,2021,43,7.0,0.16279069767441862
Burnley,2022,24,7.0,0.2916666666666667
Burnley,2023,22,4.0,0.18181818181818182
Burnley,2024,19,2.0,0.10526315789473684
Burnley,2025,2,0.0,0.0
Burnley,2026,6,2.0,0.3333333333333333
Burnley,2027,2,0.0,0.0
Burnley,2028,3,0.0,0.0
Burnley,2029,3,1.0,0.3333333333333333
Cardiff,1930,1,0.0,0.0
Cardiff,1931,1,0.0,0.0
Cardiff,2001,2,1.0,0.5
Cardiff,2002,1,0.0,0.0
Cardiff,2003,2,1.0,0.5
Cardiff,2004,1,0.0,0.0
Cardiff,2005,2,0.0,0.0
Cardiff,2007,1,0.0,0.0
Cardiff,2008,2,1.0,0.5
Cardiff,2009,1,0.0,0.0
Cardiff,2011,3,0.0,0.0
Cardiff,2012,1,1.0,1.0
Cardiff,2014,2,1.0,0.5
Cardiff,2015,1,0.0,0.0
Cardiff,2017,1,0.0,0.0
Cardiff,2018,21,5.0,0.23809523809523808
Cardiff,2019,20,5.0,0.25
Cardiff,2021,1,0.0,0.0
Cardiff,2022,3,0.0,0.0
Cardiff,2024,1,0.0,0.0
Cardiff,2025,1,1.0,1.0
Cardiff,2026,2,0.0,0.0
Cardiff,2027,1,0.0,0.0
Cardiff,2028,3,1.0,0.3333333333333333
Cardiff,2029,1,0.0,0.0
Charlton,1930,7,3.0,0.42857142857142855
Charlton,1931,5,2.0,0.4
Charlton,2000,21,8.0,0.38095238095238093
Charlton,2001,10,3.0,0.3
Charlton,2002,28,9.0,0.32142857142857145
Charlton,2003,24,7.0,0.2916666666666667
Charlton,2004,5,3.0,0.6
Charlton,2005,8,3.0,0.375
Charlton,2006,3,1.0,0.3333333333333333
Charlton,2007,5,0.0,0.0
Charlton,2008,6,3.0,0.5
Charlton,2009,6,0.0,0.0
Charlton,2010,7,3.0,0.42857142857142855
Charlton,2011,5,2.0,0.4
Charlton,2012,4,2.0,0.5
Charlton,2013,12,3.0,0.25
Charlton,2014,2,1.0,0.5
Charlton,2015,6,2.0,0.3333333333333333
Charlton,2016,6,1.0,0.16666666666666666
Charlton,2017,10,2.0,0.2
Charlton,2018,6,2.0,0.3333333333333333
Charlton,2019,5,0.0,0.0
Charlton,2020,12,4.0,0.3333333333333333
Charlton,2021,6,3.0,0.5
Charlton,2022,9,2.0,0.2222222222222222
Charlton,2023,7,1.0,0.14285714285714285
Charlton,2024,7,2.0,0.2857142857142857
Charlton,2025,4,2.0,0.5
Charlton,2026,9,3.0,0.3333333333333333
Charlton,2027,7,1.0,0.14285714285714285
Charlton,2028,8,4.0,0.5
Charlton,2029,6,3.0,0.5
Chelsea,1930,20,13.0,0.65
Chelsea,1931,12,8.0,0.6666666666666666
Chelsea,2000,20,7.0,0.35
Chelsea,2001,23,16.0,0.6956521739130435
Chelsea,2002,43,20.0,0.46511627906976744
Chelsea,2003,33,21.0,0.6363636363636364
Chelsea,2004,11,8.0,0.7272727272727273
Chelsea,2005,17,12.0,0.7058823529411765
Chelsea,2006,12,7.0,0.5833333333333334
Chelsea,2007,14,9.0,0.6428571428571429
Chelsea,2008,14,8.0,0.5714285714285714
Chelsea,2009,13,7.0,0.5384615384615384
Chelsea,2010,14,8.0,0.5714285714285714
Chelsea,2011,20,10.0,0.5
Chelsea,2012,14,8.0,0.5714285714285714
Chelsea,2013,15,12.0,0.8
Chelsea,2014,16,9.0,0.5625
Chelsea,2015,41,22.0,0.5365853658536586
Chelsea,2016,31,13.0,0.41935483870967744
Chelsea,2017,41,28.0,0.6829268292682927
Chelsea,2018,49,28.0,0.5714285714285714
Chelsea,2019,53,28.0,0.5283018867924528
Chelsea,2020,57,32.0,0.5614035087719298
Chelsea,2021,61,33.0,0.5409836065573771
Chelsea,2022,47,23.0,0.48936170212765956
Chelsea,2023,63,26.0,0.4126984126984127
Chelsea,2024,72,40.0,0.5555555555555556
Chelsea,2025,35,20.0,0.5714285714285714
Chelsea,2026,20,10.0,0.5
Chelsea,2027,16,14.0,0.875
Chelsea,2028,19,11.0,0.5789473684210527
Chelsea,2029,16,12.0,0.75
Coventry,1931,2,1.0,0.5
Coventry,2000,21,5.0,0.23809523809523808
Coventry,2001,1,0.0,0.0
Coventry,2003,2,0.0,0.0
Coventry,2005,1,0.0,0.0
Coventry,2007,1,1.0,1.0
Coventry,2012,1,0.0,0.0
Coventry,2013,1,0.0,0.0
Coventry,2014,1,0.0,0.0
Coventry,2016,1,1.0,1.0
Coventry,2017,1,0.0,0.0
Coventry,2019,1,0.0,0.0
Coventry,2020,1,0.0,0.0
Coventry,2021,1,0.0,0.0
Coventry,2024,1,0.0,0.0
Coventry,2028,1,0.0,0.0
Crystal Palace,1930,4,1.0,0.25
Crystal Palace,1931,2,2.0,1.0
Crystal Palace,2001,5,1.0,0.2
Crystal Palace,2002,4,0.0,0.0
Crystal Palace,2003,4,3.0,0.75
Crystal Palace,2004,3,2.0,0.6666666666666666
Crystal Palace,2005,8,1.0,0.125
Crystal Palace,2006,2,0.0,0.0
Crystal Palace,2007,2,1.0,0.5
Crystal Palace,2008,2,1.0,0.5
Crystal Palace,2009,1,0.0,0.0
Crystal Palace,2010,4,2.0,0.5
Crystal Palace,2011,5,0.0,0.0
Crystal Palace,2012,1,1.0,1.0
Crystal Palace,2013,2,0.0,0.0
Crystal Palace,2014,7,1.0,0.14285714285714285
Crystal Palace,2015,24,9.0,0.375
Crystal Palace,2016,22,3.0,0.13636363636363635
Crystal Palace,2017,22,4.0,0.18181818181818182
Crystal Palace,2018,43,15.0,0.3488372093023256
Crystal Palace,2019,41,17.0,0.4146341463414634
Crystal Palace,2020,37,9.0,0.24324324324324326
Crystal Palace,2021,46,12.0,0.2608695652173913
Crystal Palace,2022,40,13.0,0.325
Crystal Palace,2023,46,14.0,0.30434782608695654
Crystal Palace,2024,59,17.0,0.288135593220339
Crystal Palace,2025,20,13.0,0.65
Crystal Palace,2026,7,2.0,0.2857142857142857
Crystal Palace,2027,3,0.0,0.0
Crystal Palace,2028,5,1.0,0.2
Crystal Palace,2029,3,1.0,0.3333333333333333
Derby,1930,4,0.0,0.0
Derby,1931,1,0.0,0.0
Derby,2000,21,4.0,0.19047619047619047
Derby,2001,6,1.0,0.16666666666666666
Derby,2002,4,1.0,0.25
Derby,2003,6,2.0,0.3333333333333333
Derby,2005,2,1.0,0.5
Derby,2006,2,0.0,0.0
Derby,2007,2,0.0,0.0
Derby,2008,3,1.0,0.3333333333333333
Derby,2009,2,0.0,0.0
Derby,2010,2,0.0,0.0
Derby,2011,3,0.0,0.0
Derby,2012,5,0.0,0.0
Derby,2013,2,0.0,0.0
Derby,2014,1,0.0,0.0
Derby,2015,6,0.0,0.0
Derby,2016,2,2.0,1.0
Derby,2017,2,2.0,1.0
Derby,2018,3,1.0,0.3333333333333333
Derby,2019,4,0.0,0.0
Derby,2020,4,0.0,0.0
Derby,2021,2,0.0,0.0
Derby,2022,3,1.0,0.3333333333333333
Derby,2023,5,1.0,0.2
Derby,2024,3,1.0,0.3333333333333333
Derby,2025,2,0.0,0.0
Derby,2026,2,0.0,0.0
Derby,2027,1,0.0,0.0
Derby,2028,4,0.0,0.0
Derby,2029,5,1.0,0.2
Everton,1930,26,12.0,0.46153846153846156
Everton,1931,10,4.0,0.4
Everton,2000,20,6.0,0.3
Everton,2001,25,7.0,0.28
Everton,2002,36,18.0,0.5
Everton,2003,33,11.0,0.3333333333333333
Everton,2004,18,5.0,0.2777777777777778
Everton,2005,12,5.0,0.4166666666666667
Everton,2006,15,4.0,0.26666666666666666
Everton,2007,13,4.0,0.3076923076923077
Everton,2008,9,4.0,0.4444444444444444
Everton,2009,16,9.0,0.5625
Everton,2010,16,7.0,0.4375
Everton,2011,20,10.0,0.5
Everton,2012,11,6.0,0.5454545454545454
Everton,2013,19,7.0,0.3684210526315789
Everton,2014,15,6.0,0.4
Everton,2015,36,12.0,0.3333333333333333
Everton,2016,35,11.0,0.3142857142857143
Everton,2017,37,11.0,0.2972972972972973
Everton,2018,47,18.0,0.3829787234042553
Everton,2019,53,20.0,0.37735849056603776
Everton,2020,55,29.0,0.5272727272727272
Everton,2021,62,21.0,0.3387096774193548
Everton,2022,58,15.0,0.25862068965517243
Everton,2023,58,19.0,0.3275862068965517
Everton,2024,69,16.0,0.2318840579710145
Everton,2025,38,14.0,0.3684210526315789
Everton,2026,21,12.0,0.5714285714285714
Everton,2027,13,5.0,0.38461538461538464
Everton,2028,22,10.0,0.45454545454545453
Everton,2029,14,6.0,0.42857142857142855
Fulham,1930,18,6.0,0.3333333333333333
Fulham,1931,9,5.0,0.5555555555555556
Fulham,2001,20,5.0,0.25
Fulham,2002,39,12.0,0.3076923076923077
Fulham,2003,31,15.0,0.4838709677419355
Fulham,2004,19,6.0,0.3157894736842105
Fulham,2005,13,6.0,0.46153846153846156
Fulham,2006,9,3.0,0.3333333333333333
Fulham,2007,10,4.0,0.4
Fulham,2008,8,2.0,0.25
Fulham,2009,18,5.0,0.2777777777777778
Fulham,2010,10,3.0,0.3
Fulham,2011,16,4.0,0.25
Fulham,2012,12,4.0,0.3333333333333333
Fulham,2013,13,3.0,0.23076923076923078
Fulham,2014,13,2.0,0.15384615384615385
Fulham,2015,17,9.0,0.5294117647058824
Fulham,2016,10,5.0,0.5
Fulham,2017,14,5.0,0.35714285714285715
Fulham,2018,34,5.0,0.14705882352941177
Fulham,2019,34,8.0,0.23529411764705882
Fulham,2020,31,5.0,0.16129032258064516
Fulham,2021,41,9.0,0.21951219512195122
Fulham,2022,33,13.0,0.3939393939393939
Fulham,2023,58,18.0,0.3103448275862069
Fulham,2024,67,23.0,0.34328358208955223
Fulham,2025,35,15.0,0.42857142857142855
Fulham,2026,24,4.0,0.16666666666666666
Fulham,2027,16,4.0,0.25
Fulham,2028,19,2.0,0.10526315789473684
Fulham,2029,13,4.0,0.3076923076923077
Huddersfield,2017,21,6.0,0.2857142857142857
Huddersfield,2018,37,5.0,0.13513513513513514
Huddersfield,2019,18,1.0,0.05555555555555555
Hull,1930,4,0.0,0.0
Hull,1931,3,0.0,0.0
Hull,2001,9,2.0,0.2222222222222222
Hull,2002,3,1.0,0.3333333333333333
Hull,2003,4,1.0,0.25
Hull,2004,6,2.0,0.3333333333333333
Hull,2005,6,3.0,0.5
Hull,2006,5,3.0,0.6
Hull,2007,2,0.0,0.0
Hull,2008,4,2.0,0.5
Hull,2009,4,0.0,0.0
Hull,2010,5,0.0,0.0
Hull,2011,6,1.0,0.16666666666666666
Hull,2012,2,0.0,0.0
Hull,2013,4,2.0,0.5
Hull,2014,6,1.0,0.16666666666666666
Hull,2015,4,0.0,0.0
Hull,2016,4,1.0,0.25
Hull,2017,4,0.0,0.0
Hull,2018,4,0.0,0.0
Hull,2019,7,1.0,0.14285714285714285
Hull,2020,5,1.0,0.2
Hull,2021,6,1.0,0.16666666666666666
Hull,2022,8,4.0,0.5
Hull,2023,4,0.0,0.0
Hull,2024,5,1.0,0.2
Hull,2025,4,2.0,0.5
Hull,2026,7,0.0,0.0
Hull,2027,5,2.0,0.4
Hull,2028,5,2.0,0.4
Hull,2029,7,0.0,0.0
Ipswich,1930,4,1.0,0.25
Ipswich,2000,21,11.0,0.5238095238095238
Ipswich,2001,4,0.0,0.0
Ipswich,2002,3,2.0,0.6666666666666666
Ipswich,2003,1,0.0,0.0
Ipswich,2004,2,1.0,0.5
Ipswich,2006,2,0.0,0.0
Ipswich,2007,1,1.0,1.0
Ipswich,2008,1,0.0,0.0
Ipswich,2009,2,0.0,0.0
Ipswich,2010,3,0.0,0.0
Ipswich,2011,1,0.0,0.0
Ipswich,2012,1,1.0,1.0
Ipswich,2013,2,0.0,0.0
Ipswich,2014,2,2.0,1.0
Ipswich,2016,3,1.0,0.3333333333333333
Ipswich,2017,2,1.0,0.5
Ipswich,2018,2,0.0,0.0
Ipswich,2019,2,1.0,0.5
Ipswich,2020,1,0.0,0.0
Ipswich,2021,4,2.0,0.5
Ipswich,2022,2,1.0,0.5
Ipswich,2023,1,0.0,0.0
Ipswich,2024,41,8.0,0.1951219512195122
Ipswich,2025,22,0.0,0.0
Ipswich,2026,1,1.0,1.0
Ipswich,2027,1,0.0,0.0
Ipswich,2028,1,0.0,0.0
Ipswich,2029,1,1.0,1.0
Leeds,1930,4,2.0,0.5
Leeds,1931,3,2.0,0.6666666666666666
Leeds,2000,19,7.0,0.3684210526315789
Leeds,2001,4,1.0,0.25
Leeds,2002,23,8.0,0.34782608695652173
Leeds,2003,21,7.0,0.3333333333333333
Leeds,2004,2,2.0,1.0
Leeds,2005,2,1.0,0.5
Leeds,2006,2,1.0,0.5
Leeds,2007,5,2.0,0.4
Leeds,2008,3,0.0,0.0
Leeds,2009,2,1.0,0.5
Leeds,2010,4,2.0,0.5
Leeds,2011,1,1.0,1.0
Leeds,2012,1,0.0,0.0
Leeds,2013,7,4.0,0.5714285714285714
Leeds,2014,1,1.0,1.0
Leeds,2015,2,0.0,0.0
Leeds,2016,3,1.0,0.3333333333333333
Leeds,2017,4,2.0,0.5
Leeds,2018,3,1.0,0.3333333333333333
Leeds,2019,2,2.0,1.0
Leeds,2020,20,7.0,0.35
Leeds,2021,44,16.0,0.36363636363636365
Leeds,2022,40,11.0,0.275
Leeds,2023,25,5.0,0.2
Leeds,2024,3,2.0,0.6666666666666666
Leeds,2025,4,0.0,0.0
Leeds,2026,3,1.0,0.3333333333333333
Leeds,2027,3,1.0,0.3333333333333333
Leeds,2028,3,1.0,0.3333333333333333
Leeds,2029,3,2.0,0.6666666666666666
Leicester,1930,3,1.0,0.3333333333333333
Leicester,1931,4,1.0,0.25
Leicester,2000,20,10.0,0.5
Leicester,2001,6,2.0,0.3333333333333333
Leicester,2002,5,1.0,0.2
Leicester,2003,4,3.0,0.75
Leicester,2004,4,2.0,0.5
Leicester,2005,3,1.0,0.3333333333333333
Leicester,2006,4,1.0,0.25
Leicester,2007,3,0.0,0.0
Leicester,2008,3,1.0,0.3333333333333333
Leicester,2009,4,1.0,0.25
Leicester,2010,5,1.0,0.2
Leicester,2011,2,1.0,0.5
Leicester,2012,2,0.0,0.0
Leicester,2013,8,1.0,0.125
Leicester,2014,3,0.0,0.0
Leicester,2015,24,13.0,0.5416666666666666
Leicester,2016,23,12.0,0.5217391304347826
Leicester,2017,28,8.0,0.2857142857142857
Leicester,2018,40,14.0,0.35
Leicester,2019,42,20.0,0.47619047619047616
Leicester,2020,41,14.0,0.34146341463414637
Leicester,2021,42,18.0,0.42857142857142855
Leicester,2022,43,13.0,0.3023255813953488
Leicester,2023,25,4.0,0.16
Leicester,2024,42,7.0,0.16666666666666666
Leicester,2025,22,2.0,0.09090909090909091
Leicester,2026,7,0.0,0.0
Leicester,2027,4,2.0,0.5
Leicester,2028,4,0.0,0.0
Leicester,2029,6,2.0,0.3333333333333333
Liverpool,1930,19,13.0,0.6842105263157895
Liverpool,1931,12,7.0,0.5833333333333334
Liverpool,2000,20,10.0,0.5
Liverpool,2001,26,18.0,0.6923076923076923
Liverpool,2002,41,20.0,0.4878048780487805
Liverpool,2003,32,15.0,0.46875
Liverpool,2004,15,7.0,0.4666666666666667
Liverpool,2005,17,6.0,0.35294117647058826
Liverpool,2006,11,8.0,0.7272727272727273
Liverpool,2007,12,6.0,0.5
Liverpool,2008,14,8.0,0.5714285714285714
Liverpool,2009,14,7.0,0.5
Liverpool,2010,17,7.0,0.4117647058823529
Liverpool,2011,17,10.0,0.5882352941176471
Liverpool,2012,14,5.0,0.35714285714285715
Liverpool,2013,22,9.0,0.4090909090909091
Liverpool,2014,12,6.0,0.5
Liverpool,2015,36,16.0,0.4444444444444444
Liverpool,2016,38,18.0,0.47368421052631576
Liverpool,2017,35,16.0,0.45714285714285713
Liverpool,2018,49,31.0,0.6326530612244898
Liverpool,2019,57,42.0,0.7368421052631579
Liverpool,2020,57,40.0,0.7017543859649122
Liverpool,2021,58,27.0,0.46551724137931033
Liverpool,2022,55,33.0,0.6
Liverpool,2023,56,30.0,0.5357142857142857
Liverpool,2024,68,49.0,0.7205882352941176
Liverpool,2025,33,23.0,0.696969696969697
Liverpool,2026,24,17.0,0.7083333333333334
Liverpool,2027,13,5.0,0.38461538461538464
Liverpool,2028,20,10.0,0.5
Liverpool,2029,18,12.0,0.6666666666666666
Luton,2023,19,4.0,0.21052631578947367
Luton,2024,19,2.0,0.10526315789473684
Man City,1930,13,6.0,0.46153846153846156
Man City,1931,13,5.0,0.38461538461538464
Man City,2000,21,5.0,0.23809523809523808
Man City,2001,23,14.0,0.6086956521739131
Man City,2002,36,14.0,0.3888888888888889
Man City,2003,32,13.0,0.40625
Man City,2004,17,6.0,0.35294117647058826
Man City,2005,19,10.0,0.5263157894736842
Man City,2006,8,3.0,0.375
Man City,2007,15,6.0,0.4
Man City,2008,10,2.0,0.2
Man City,2009,10,3.0,0.3
Man City,2010,14,4.0,0.2857142857142857
Man City,2011,19,7.0,0.3684210526315789
Man City,2012,11,5.0,0.45454545454545453
Man City,2013,16,5.0,0.3125
Man City,2014,16,8.0,0.5
Man City,2015,36,22.0,0.6111111111111112
Man City,2016,33,14.0,0.42424242424242425
Man City,2017,38,28.0,0.7368421052631579
Man City,2018,48,35.0,0.7291666666666666
Man City,2019,53,40.0,0.7547169811320755
Man City,2020,48,27.0,0.5625
Man City,2021,64,46.0,0.71875
Man City,2022,54,34.0,0.6296296296296297
Man City,2023,51,33.0,0.6470588235294118
Man City,2024,73,42.0,0.5753424657534246
Man City,2025,36,17.0,0.4722222222222222
Man City,2026,18,9.0,0.5
Man City,2027,14,6.0,0.42857142857142855
Man City,2028,21,11.0,0.5238095238095238
Man City,2029,14,8.0,0.5714285714285714
Man United,1930,14,9.0,0.6428571428571429
Man United,1931,13,10.0,0.7692307692307693
Man United,2000,21,14.0,0.6666666666666666
Man United,2001,30,17.0,0.5666666666666667
Man United,2002,37,23.0,0.6216216216216216
Man United,2003,32,21.0,0.65625
Man United,2004,16,9.0,0.5625
Man United,2005,13,8.0,0.6153846153846154
Man United,2006,15,13.0,0.8666666666666667
Man United,2007,9,4.0,0.4444444444444444
Man United,2008,12,6.0,0.5
Man United,2009,12,8.0,0.6666666666666666
Man United,2010,17,10.0,0.5882352941176471
Man United,2011,20,11.0,0.55
Man United,2012,9,6.0,0.6666666666666666
Man United,2013,20,14.0,0.7
Man United,2014,18,12.0,0.6666666666666666
Man United,2015,37,21.0,0.5675675675675675
Man United,2016,32,19.0,0.59375
Man United,2017,41,24.0,0.5853658536585366
Man United,2018,48,31.0,0.6458333333333334
Man United,2019,59,28.0,0.4745762711864407
Man United,2020,51,31.0,0.6078431372549019
Man United,2021,57,29.0,0.5087719298245614
Man United,2022,58,32.0,0.5517241379310345
Man United,2023,61,37.0,0.6065573770491803
Man United,2024,69,28.0,0.4057971014492754
Man United,2025,31,14.0,0.45161290322580644
Man United,2026,28,22.0,0.7857142857142857
Man United,2027,15,12.0,0.8
Man United,2028,20,13.0,0.65
Man United,2029,17,12.0,0.7058823529411765
Middlesbrough,1930,13,3.0,0.23076923076923078
Middlesbrough,1931,9,2.0,0.2222222222222222
Middlesbrough,2000,21,4.0,0.19047619047619047
Middlesbrough,2001,15,6.0,0.4
Middlesbrough,2002,31,12.0,0.3870967741935484
Middlesbrough,2003,31,8.0,0.25806451612903225
Middlesbrough,2004,9,2.0,0.2222222222222222
Middlesbrough,2005,9,3.0,0.3333333333333333
Middlesbrough,2006,7,2.0,0.2857142857142857
Middlesbrough,2007,8,3.0,0.375
Middlesbrough,2008,6,2.0,0.3333333333333333
Middlesbrough,2009,10,4.0,0.4
Middlesbrough,2010,8,1.0,0.125
Middlesbrough,2011,13,6.0,0.46153846153846156
Middlesbrough,2012,7,1.0,0.14285714285714285
Middlesbrough,2013,12,3.0,0.25
Middlesbrough,2014,9,3.0,0.3333333333333333
Middlesbrough,2015,10,2.0,0.2
Middlesbrough,2016,10,2.0,0.2
Middlesbrough,2017,11,4.0,0.36363636363636365
Middlesbrough,2018,12,2.0,0.16666666666666666
Middlesbrough,2019,9,2.0,0.2222222222222222
Middlesbrough,2020,12,4.0,0.3333333333333333
Middlesbrough,2021,11,3.0,0.2727272727272727
Middlesbrough,2022,11,3.0,0.2727272727272727
Middlesbrough,2023,11,5.0,0.45454545454545453
Middlesbrough,2024,9,1.0,0.1111111111111111
Middlesbrough,2025,8,1.0,0.125
Middlesbrough,2026,17,3.0,0.17647058823529413
Middlesbrough,2027,9,1.0,0.1111111111111111
Middlesbrough,2028,11,3.0,0.2727272727272727
Middlesbrough,2029,11,6.0,0.5454545454545454
Newcastle,1930,13,4.0,0.3076923076923077
Newcastle,1931,10,4.0,0.4
Newcastle,2000,21,9.0,0.42857142857142855
Newcastle,2001,22,7.0,0.3181818181818182
Newcastle,2002,38,17.0,0.4473684210526316
Newcastle,2003,34,15.0,0.4411764705882353
Newcastle,2004,13,5.0,0.38461538461538464
Newcastle,2005,17,7.0,0.4117647058823529
Newcastle,2006,6,2.0,0.3333333333333333
Newcastle,2007,13,10.0,0.7692307692307693
Newcastle,2008,5,2.0,0.4
Newcastle,2009,12,5.0,0.4166666666666667
Newcastle,2010,12,4.0,0.3333333333333333
Newcastle,2011,18,5.0,0.2777777777777778
Newcastle,2012,13,2.0,0.15384615384615385
Newcastle,2013,11,4.0,0.36363636363636365
Newcastle,2014,13,3.0,0.23076923076923078
Newcastle,2015,35,11.0,0.3142857142857143
Newcastle,2016,27,7.0,0.25925925925925924
Newcastle,2017,37,8.0,0.21621621621621623
Newcastle,2018,48,18.0,0.375
Newcastle,2019,58,19.0,0.3275862068965517
Newcastle,2020,49,15.0,0.30612244897959184
Newcastle,2021,56,13.0,0.23214285714285715
Newcastle,2022,52,30.0,0.5769230769230769
Newcastle,2023,55,27.0,0.4909090909090909
Newcastle,2024,70,33.0,0.4714285714285714
Newcastle,2025,30,15.0,0.5
Newcastle,2026,21,5.0,0.23809523809523808
Newcastle,2027,11,3.0,0.2727272727272727
Newcastle,2028,19,4.0,0.21052631578947367
Newcastle,2029,15,2.0,0.13333333333333333
Norwich,1930,4,1.0,0.25
Norwich,1931,3,1.0,0.3333333333333333
Norwich,2001,8,0.0,0.0
Norwich,2002,9,2.0,0.2222222222222222
Norwich,2003,4,1.0,0.25
Norwich,2004,5,1.0,0.2
Norwich,2005,5,1.0,0.2
Norwich,2006,4,0.0,0.0
Norwich,2007,3,2.0,0.6666666666666666
Norwich,2008,3,1.0,0.3333333333333333
Norwich,2009,5,3.0,0.6
Norwich,2010,2,1.0,0.5
Norwich,2011,7,2.0,0.2857142857142857
Norwich,2012,5,1.0,0.2
Norwich,2013,4,1.0,0.25
Norwich,2014,4,1.0,0.25
Norwich,2015,26,7.0,0.2692307692307692
Norwich,2016,21,4.0,0.19047619047619047
Norwich,2017,5,2.0,0.4
Norwich,2018,5,1.0,0.2
Norwich,2019,25,4.0,0.16
Norwich,2020,24,6.0,0.25
Norwich,2021,25,2.0,0.08
Norwich,2022,23,4.0,0.17391304347826086
Norwich,2023,6,3.0,0.5
Norwich,2024,3,1.0,0.3333333333333333
Norwich,2025,3,0.0,0.0
Norwich,2026,8,2.0,0.25
Norwich,2027,5,0.0,0.0
Norwich,2028,7,0.0,0.0
Norwich,2029,5,1.0,0.2
Nott'm Forest,2022,16,3.0,0.1875
Nott'm Forest,2023,42,11.0,0.2619047619047619
Nott'm Forest,2024,56,26.0,0.4642857142857143
Nott'm Forest,2025,20,10.0,0.5
Portsmouth,1930,11,4.0,0.36363636363636365
Portsmouth,1931,6,2.0,0.3333333333333333
Portsmouth,2001,13,4.0,0.3076923076923077
Portsmouth,2002,7,0.0,0.0
Portsmouth,2003,10,2.0,0.2
Portsmouth,2004,8,1.0,0.125
Portsmouth,2005,6,2.0,0.3333333333333333
Portsmouth,2006,4,0.0,0.0
Portsmouth,2007,8,2.0,0.25
Portsmouth,2008,6,4.0,0.6666666666666666
Portsmouth,2009,9,4.0,0.4444444444444444
Portsmouth,2010,4,3.0,0.75
Portsmouth,2011,10,2.0,0.2
Portsmouth,2012,8,2.0,0.25
Portsmouth,2013,9,1.0,0.1111111111111111
Portsmouth,2014,9,3.0,0.3333333333333333
Portsmouth,2015,12,3.0,0.25
Portsmouth,2016,5,2.0,0.4
Portsmouth,2017,9,2.0,0.2222222222222222
Portsmouth,2018,11,7.0,0.6363636363636364
Portsmouth,2019,8,3.0,0.375
Portsmouth,2020,10,2.0,0.2
Portsmouth,2021,8,2.0,0.25
Portsmouth,2022,10,1.0,0.1
Portsmouth,2023,6,3.0,0.5
Portsmouth,2024,9,2.0,0.2222222222222222
Portsmouth,2025,7,1.0,0.14285714285714285
Portsmouth,2026,15,4.0,0.26666666666666666
Portsmouth,2027,10,3.0,0.3
Portsmouth,2028,9,4.0,0.4444444444444444
Portsmouth,2029,9,4.0,0.4444444444444444
QPR,1930,2,0.0,0.0
QPR,1931,2,1.0,0.5
QPR,2001,5,0.0,0.0
QPR,2002,5,2.0,0.4
QPR,2003,2,0.0,0.0
QPR,2004,3,0.0,0.0
QPR,2005,1,0.0,0.0
QPR,2006,2,1.0,0.5
QPR,2007,1,0.0,0.0
QPR,2008,2,0.0,0.0
QPR,2009,2,1.0,0.5
QPR,2010,3,0.0,0.0
QPR,2011,2,1.0,0.5
QPR,2012,3,0.0,0.0
QPR,2013,3,0.0,0.0
QPR,2014,1,0.0,0.0
QPR,2015,4,1.0,0.25
QPR,2016,1,0.0,0.0
QPR,2017,2,1.0,0.5
QPR,2018,2,0.0,0.0
QPR,2019,3,1.0,0.3333333333333333
QPR,2020,2,1.0,0.5
QPR,2021,5,3.0,0.6
QPR,2022,1,0.0,0.0
QPR,2023,3,1.0,0.3333333333333333
QPR,2024,2,0.0,0.0
QPR,2025,3,0.0,0.0
QPR,2026,2,0.0,0.0
QPR,2027,4,0.0,0.0
QPR,2028,1,0.0,0.0
QPR,2029,2,0.0,0.0
Reading,1930,6,2.0,0.3333333333333333
Reading,2001,9,3.0,0.3333333333333333
Reading,2002,4,2.0,0.5
Reading,2003,4,1.0,0.25
Reading,2004,3,1.0,0.3333333333333333
Reading,2005,2,0.0,0.0
Reading,2006,3,0.0,0.0
Reading,2007,2,1.0,0.5
Reading,2008,3,2.0,0.6666666666666666
Reading,2009,5,0.0,0.0
Reading,2010,2,1.0,0.5
Reading,2011,3,2.0,0.6666666666666666
Reading,2012,6,2.0,0.3333333333333333
Reading,2013,2,0.0,0.0
Reading,2014,4,1.0,0.25
Reading,2015,4,0.0,0.0
Reading,2016,4,1.0,0.25
Reading,2017,3,1.0,0.3333333333333333
Reading,2018,3,2.0,0.6666666666666666
Reading,2019,5,2.0,0.4
Reading,2020,4,1.0,0.25
Reading,2021,1,1.0,1.0
Reading,2022,7,3.0,0.42857142857142855
Reading,2023,4,0.0,0.0
Reading,2024,4,0.0,0.0
Reading,2025,2,1.0,0.5
Reading,2026,5,0.0,0.0
Reading,2027,3,1.0,0.3333333333333333
Reading,2028,2,0.0,0.0
Reading,2029,5,1.0,0.2
Sheffield United,1930,3,3.0,1.0
Sheffield United,1931,1,0.0,0.0
Sheffield United,2001,1,0.0,0.0
Sheffield United,2002,1,1.0,1.0
Sheffield United,2003,2,0.0,0.0
Sheffield United,2004,1,1.0,1.0
Sheffield United,2005,1,0.0,0.0
Sheffield United,2007,1,0.0,0.0
Sheffield United,2009,1,0.0,0.0
Sheffield United,2010,1,1.0,1.0
Sheffield United,2011,2,0.0,0.0
Sheffield United,2013,2,0.0,0.0
Sheffield United,2014,2,1.0,0.5
Sheffield United,2016,2,1.0,0.5
Sheffield United,2017,2,0.0,0.0
Sheffield United,2018,1,0.0,0.0
Sheffield United,2019,21,7.0,0.3333333333333333
Sheffield United,2020,35,7.0,0.2
Sheffield United,2021,24,7.0,0.2916666666666667
Sheffield United,2022,1,0.0,0.0
Sheffield United,2023,22,2.0,0.09090909090909091
Sheffield United,2024,19,1.0,0.05263157894736842
Sheffield United,2025,1,0.0,0.0
Sheffield United,2026,2,0.0,0.0
Sheffield United,2028,3,2.0,0.6666666666666666
Southampton,1930,7,3.0,0.42857142857142855
Southampton,1931,6,2.0,0.3333333333333333
Southampton,2000,21,7.0,0.3333333333333333
Southampton,2001,14,2.0,0.14285714285714285
Southampton,2002,34,9.0,0.2647058823529412
Southampton,2003,22,8.0,0.36363636363636365
Southampton,2004,6,1.0,0.16666666666666666
Southampton,2005,6,2.0,0.3333333333333333
Southampton,2006,7,3.0,0.42857142857142855
Southampton,2007,8,1.0,0.125
Southampton,2008,7,4.0,0.5714285714285714
Southampton,2009,7,3.0,0.42857142857142855
Southampton,2010,6,1.0,0.16666666666666666
Southampton,2011,7,5.0,0.7142857142857143
Southampton,2012,5,1.0,0.2
Southampton,2013,12,5.0,0.4166666666666667
Southampton,2014,6,1.0,0.16666666666666666
Southampton,2015,28,9.0,0.32142857142857145
Southampton,2016,26,14.0,0.5384615384615384
Southampton,2017,28,9.0,0.32142857142857145
Southampton,2018,42,8.0,0.19047619047619047
Southampton,2019,50,13.0,0.26
Southampton,2020,42,18.0,0.42857142857142855
Southampton,2021,49,12.0,0.24489795918367346
Southampton,2022,45,11.0,0.24444444444444444
Southampton,2023,27,3.0,0.1111111111111111
Southampton,2024,47,4.0,0.0851063829787234
Southampton,2025,28,5.0,0.17857142857142858
Southampton,2026,9,4.0,0.4444444444444444
Southampton,2027,8,2.0,0.25
Southampton,2028,9,1.0,0.1111111111111111
Southampton,2029,9,2.0,0.2222222222222222
Stoke,1930,5,0.0,0.0
Stoke,1931,9,3.0,0.3333333333333333
Stoke,2001,14,5.0,0.35714285714285715
Stoke,2002,10,2.0,0.2
Stoke,2003,6,5.0,0.8333333333333334
Stoke,2004,11,4.0,0.36363636363636365
Stoke,2005,9,3.0,0.3333333333333333
Stoke,2006,8,1.0,0.125
Stoke,2007,4,2.0,0.5
Stoke,2008,8,1.0,0.125
Stoke,2009,7,3.0,0.42857142857142855
Stoke,2010,9,2.0,0.2222222222222222
Stoke,2011,7,3.0,0.42857142857142855
Stoke,2012,8,1.0,0.125
Stoke,2013,7,2.0,0.2857142857142857
Stoke,2014,10,1.0,0.1
Stoke,2015,28,14.0,0.5
Stoke,2016,25,7.0,0.28
Stoke,2017,28,7.0,0.25
Stoke,2018,24,3.0,0.125
Stoke,2019,12,2.0,0.16666666666666666
Stoke,2020,8,3.0,0.375
Stoke,2021,11,3.0,0.2727272727272727
Stoke,2022,11,3.0,0.2727272727272727
Stoke,2023,7,3.0,0.42857142857142855
Stoke,2024,8,3.0,0.375
Stoke,2025,2,0.0,0.0
Stoke,2026,16,6.0,0.375
Stoke,2027,10,3.0,0.3
Stoke,2028,9,2.0,0.2222222222222222
Stoke,2029,11,4.0,0.36363636363636365
Sunderland,1930,5,0.0,0.0
Sunderland,1931,12,0.0,0.0
Sunderland,2000,21,10.0,0.47619047619047616
Sunderland,2001,23,8.0,0.34782608695652173
Sunderland,2002,34,4.0,0.11764705882352941
Sunderland,2003,30,4.0,0.13333333333333333
Sunderland,2004,10,3.0,0.3
Sunderland,2005,15,6.0,0.4
Sunderland,2006,8,2.0,0.25
Sunderland,2007,12,3.0,0.25
Sunderland,2008,5,1.0,0.2
Sunderland,2009,15,3.0,0.2
Sunderland,2010,11,2.0,0.18181818181818182
Sunderland,2011,13,4.0,0.3076923076923077
Sunderland,2012,10,2.0,0.2
Sunderland,2013,11,3.0,0.2727272727272727
Sunderland,2014,14,2.0,0.14285714285714285
Sunderland,2015,35,6.0,0.17142857142857143
Sunderland,2016,29,6.0,0.20689655172413793
Sunderland,2017,9,4.0,0.4444444444444444
Sunderland,2018,18,6.0,0.3333333333333333
Sunderland,2019,13,3.0,0.23076923076923078
Sunderland,2020,11,4.0,0.36363636363636365
Sunderland,2021,16,4.0,0.25
Sunderland,2022,19,7.0,0.3684210526315789
Sunderland,2023,10,3.0,0.3
Sunderland,2024,11,2.0,0.18181818181818182
Sunderland,2025,10,2.0,0.2
Sunderland,2026,19,4.0,0.21052631578947367
Sunderland,2027,15,4.0,0.26666666666666666
Sunderland,2028,9,1.0,0.1111111111111111
Sunderland,2029,21,7.0,0.3333333333333333
Swansea,1930,2,0.0,0.0
Swansea,1931,5,1.0,0.2
Swansea,2001,9,2.0,0.2222222222222222
Swansea,2002,6,3.0,0.5
Swansea,2003,7,2.0,0.2857142857142857
Swansea,2004,4,3.0,0.75
Swansea,2005,4,0.0,0.0
Swansea,2006,7,1.0,0.14285714285714285
Swansea,2007,1,1.0,1.0
Swansea,2008,3,1.0,0.3333333333333333
Swansea,2009,3,1.0,0.3333333333333333
Swansea,2010,5,2.0,0.4
Swansea,2011,7,2.0,0.2857142857142857
Swansea,2012,4,1.0,0.25
Swansea,2013,4,3.0,0.75
Swansea,2014,3,1.0,0.3333333333333333
Swansea,2015,27,5.0,0.18518518518518517
Swansea,2016,22,8.0,0.36363636363636365
Swansea,2017,28,7.0,0.25
Swansea,2018,20,5.0,0.25
Swansea,2019,7,3.0,0.42857142857142855
Swansea,2020,4,1.0,0.25
Swansea,2021,5,2.0,0.4
Swansea,2022,7,2.0,0.2857142857142857
Swansea,2023,3,1.0,0.3333333333333333
Swansea,2024,3,0.0,0.0
Swansea,2025,5,1.0,0.2
Swansea,2026,6,2.0,0.3333333333333333
Swansea,2027,6,0.0,0.0
Swansea,2028,6,2.0,0.3333333333333333
Swansea,2029,5,3.0,0.6
Tottenham,1930,17,4.0,0.23529411764705882
Tottenham,1931,11,2.0,0.18181818181818182
Tottenham,2000,21,7.0,0.3333333333333333
Tottenham,2001,28,16.0,0.5714285714285714
Tottenham,2002,38,19.0,0.5
Tottenham,2003,34,13.0,0.38235294117647056
Tottenham,2004,15,9.0,0.6
Tottenham,2005,15,9.0,0.6
Tottenham,2006,13,2.0,0.15384615384615385
Tottenham,2007,16,7.0,0.4375
Tottenham,2008,9,4.0,0.4444444444444444
Tottenham,2009,18,10.0,0.5555555555555556
Tottenham,2010,14,6.0,0.42857142857142855
Tottenham,2011,18,8.0,0.4444444444444444
Tottenham,2012,16,4.0,0.25
Tottenham,2013,13,5.0,0.38461538461538464
Tottenham,2014,14,7.0,0.5
Tottenham,2015,36,18.0,0.5
Tottenham,2016,35,16.0,0.45714285714285713
Tottenham,2017,34,17.0,0.5
Tottenham,2018,54,37.0,0.6851851851851852
Tottenham,2019,60,29.0,0.48333333333333334
Tottenham,2020,51,20.0,0.39215686274509803
Tottenham,2021,57,29.0,0.5087719298245614
Tottenham,2022,61,29.0,0.47540983606557374
Tottenham,2023,58,29.0,0.5
Tottenham,2024,67,26.0,0.3880597014925373
Tottenham,2025,33,10.0,0.30303030303030304
Tottenham,2026,28,17.0,0.6071428571428571
Tottenham,2027,12,7.0,0.5833333333333334
Tottenham,2028,23,10.0,0.43478260869565216
Tottenham,2029,13,6.0,0.46153846153846156
Watford,1931,3,1.0,0.3333333333333333
Watford,2001,5,1.0,0.2
Watford,2002,1,0.0,0.0
Watford,2003,4,0.0,0.0
Watford,2004,5,3.0,0.6
Watford,2005,1,1.0,1.0
Watford,2006,2,0.0,0.0
Watford,2007,1,0.0,0.0
Watford,2008,1,0.0,0.0
Watford,2009,3,1.0,0.3333333333333333
Watford,2010,3,3.0,1.0
Watford,2011,2,0.0,0.0
Watford,2012,1,0.0,0.0
Watford,2013,3,0.0,0.0
Watford,2014,3,0.0,0.0
Watford,2015,21,9.0,0.42857142857142855
Watford,2016,22,5.0,0.22727272727272727
Watford,2017,23,7.0,0.30434782608695654
Watford,2018,41,13.0,0.3170731707317073
Watford,2019,40,10.0,0.25
Watford,2020,20,5.0,0.25
Watford,2021,22,4.0,0.18181818181818182
Watford,2022,24,2.0,0.08333333333333333
Watford,2023,3,1.0,0.3333333333333333
Watford,2024,1,0.0,0.0
Watford,2025,1,0.0,0.0
Watford,2026,4,0.0,0.0
Watford,2027,2,0.0,0.0
Watford,2028,3,0.0,0.0
Watford,2029,1,1.0,1.0
West Brom,1930,8,1.0,0.125
West Brom,1931,6,1.0,0.16666666666666666
West Brom,2001,19,2.0,0.10526315789473684
West Brom,2002,31,8.0,0.25806451612903225
West Brom,2003,26,5.0,0.19230769230769232
West Brom,2004,13,3.0,0.23076923076923078
West Brom,2005,8,4.0,0.5
West Brom,2006,8,3.0,0.375
West Brom,2007,9,1.0,0.1111111111111111
West Brom,2008,6,0.0,0.0
West Brom,2009,5,3.0,0.6
West Brom,2010,8,2.0,0.25
West Brom,2011,17,2.0,0.11764705882352941
West Brom,2012,6,1.0,0.16666666666666666
West Brom,2013,6,2.0,0.3333333333333333
West Brom,2014,11,3.0,0.2727272727272727
West Brom,2015,29,11.0,0.3793103448275862
West Brom,2016,30,5.0,0.16666666666666666
West Brom,2017,33,6.0,0.18181818181818182
West Brom,2018,24,7.0,0.2916666666666667
West Brom,2019,8,3.0,0.375
West Brom,2020,26,2.0,0.07692307692307693
West Brom,2021,35,11.0,0.3142857142857143
West Brom,2022,14,5.0,0.35714285714285715
West Brom,2023,8,2.0,0.25
West Brom,2024,7,1.0,0.14285714285714285
West Brom,2025,10,4.0,0.4
West Brom,2026,14,2.0,0.14285714285714285
West Brom,2027,8,3.0,0.375
West Brom,2028,15,3.0,0.2
West Brom,2029,8,0.0,0.0
West Ham,1930,12,5.0,0.4166666666666667
West Ham,1931,9,2.0,0.2222222222222222
West Ham,2000,20,7.0,0.35
West Ham,2001,28,11.0,0.39285714285714285
West Ham,2002,35,8.0,0.22857142857142856
West Ham,2003,27,8.0,0.2962962962962963
West Ham,2004,11,5.0,0.45454545454545453
West Ham,2005,15,7.0,0.4666666666666667
West Ham,2006,12,3.0,0.25
West Ham,2007,7,2.0,0.2857142857142857
West Ham,2008,9,3.0,0.3333333333333333
West Ham,2009,11,1.0,0.09090909090909091
West Ham,2010,10,3.0,0.3
West Ham,2011,15,4.0,0.26666666666666666
West Ham,2012,10,3.0,0.3
West Ham,2013,10,3.0,0.3
West Ham,2014,12,5.0,0.4166666666666667
West Ham,2015,37,12.0,0.32432432432432434
West Ham,2016,28,10.0,0.35714285714285715
West Ham,2017,34,9.0,0.2647058823529412
West Ham,2018,50,17.0,0.34
West Ham,2019,51,15.0,0.29411764705882354
West Ham,2020,50,17.0,0.34
West Ham,2021,53,27.0,0.5094339622641509
West Ham,2022,50,14.0,0.28
West Ham,2023,56,23.0,0.4107142857142857
West Ham,2024,67,20.0,0.29850746268656714
West Ham,2025,33,9.0,0.2727272727272727
West Ham,2026,16,6.0,0.375
West Ham,2027,12,3.0,0.25
West Ham,2028,15,5.0,0.3333333333333333
West Ham,2029,13,2.0,0.15384615384615385
Wigan,1930,8,2.0,0.25
Wigan,1931,8,1.0,0.125
Wigan,2001,10,1.0,0.1
Wigan,2002,11,3.0,0.2727272727272727
Wigan,2003,13,4.0,0.3076923076923077
Wigan,2004,8,2.0,0.25
Wigan,2005,8,3.0,0.375
Wigan,2006,8,1.0,0.125
Wigan,2007,8,1.0,0.125
Wigan,2008,5,1.0,0.2
Wigan,2009,11,0.0,0.0
Wigan,2010,6,2.0,0.3333333333333333
Wigan,2011,14,5.0,0.35714285714285715
Wigan,2012,5,2.0,0.4
Wigan,2013,10,4.0,0.4
Wigan,2014,9,1.0,0.1111111111111111
Wigan,2015,14,5.0,0.35714285714285715
Wigan,2016,12,4.0,0.3333333333333333
Wigan,2017,10,2.0,0.2
Wigan,2018,8,4.0,0.5
Wigan,2019,12,1.0,0.08333333333333333
Wigan,2020,8,1.0,0.125
Wigan,2021,12,2.0,0.16666666666666666
Wigan,2022,12,3.0,0.25
Wigan,2023,6,2.0,0.3333333333333333
Wigan,2024,11,6.0,0.5454545454545454
Wigan,2025,7,2.0,0.2857142857142857
Wigan,2026,17,7.0,0.4117647058823529
Wigan,2027,8,3.0,0.375
Wigan,2028,11,7.0,0.6363636363636364
Wigan,2029,14,3.0,0.21428571428571427
Wolves,1930,3,1.0,0.3333333333333333
Wolves,1931,5,0.0,0.0
Wolves,2001,6,1.0,0.16666666666666666
Wolves,2002,4,0.0,0.0
Wolves,2003,3,0.0,0.0
Wolves,2004,5,3.0,0.6
Wolves,2005,3,3.0,1.0
Wolves,2006,6,1.0,0.16666666666666666
Wolves,2007,5,0.0,0.0
Wolves,2008,2,1.0,0.5
Wolves,2009,3,1.0,0.3333333333333333
Wolves,2010,8,1.0,0.125
Wolves,2011,3,0.0,0.0
Wolves,2012,6,2.0,0.3333333333333333
Wolves,2013,5,2.0,0.4
Wolves,2014,6,2.0,0.3333333333333333
Wolves,2015,4,0.0,0.0
Wolves,2016,4,0.0,0.0
Wolves,2017,6,2.0,0.3333333333333333
Wolves,2018,24,9.0,0.375
Wolves,2019,40,16.0,0.4
Wolves,2020,43,16.0,0.37209302325581395
Wolves,2021,46,15.0,0.32608695652173914
Wolves,2022,43,11.0,0.2558139534883721
Wolves,2023,45,17.0,0.37777777777777777
Wolves,2024,60,13.0,0.21666666666666667
Wolves,2025,23,7.0,0.30434782608695654
Wolves,2026,8,1.0,0.125
Wolves,2027,9,1.0,0.1111111111111111
Wolves,2028,5,1.0,0.2
Wolves,2029,5,1.0,0.2
